movie,sentence,score
미드소마,시청각 효과가 볼만했으나 그것 뿐이다. 좋은 평가를 주기엔 부족한 작품. 고어 불쾌한 성적 요소 등 애브젝트 미학의 매력을 살리지도 못했다. 여주인공 대니만큼이나 정신이 불안정하면 감명깊게 볼지도 모르겠다.,4
모가디슈,너무 재밌게 봤어요! 마지막이 조금 애매,9
모가디슈,감독의 전작보다 훨 낫네요 추천합니다,10
모가디슈,정말 오랜만에 훌륭한 한국영화 한편 진하게 봤습니다,10
더 수어사이드 스쿼드,진짜 오랜만에 너무너무 재밌는 영화봤다.본인 인생영화는 가디언즈 오브 갤럭시고 재밌게 본 영화는 킹스맨정도다. 평소 마블영화도 좋아하고 초능력 히어로물 영화를 정말 좋아하는데 이 영화 역시 초능력히어로물 영화고 좋아하는 감독이라 기대했는데 스포당할까봐 평점보니 호불호가 꽤 갈리는 듯 해서 걱정했으나~ 나는 개인적으로 수어사이드스쿼드1보다 훨씬 재밌었다. 일단 OST가 너무 좋았고 새로이 등장한 랫캐처라는 캐릭터와 서사가 너무 멋졌다. 특히 랫캣처 무기가 너무 멋있음 ㅠ.ㅠ   디씨에서 수어사이드 스쿼드 계속해서 뽑아줬으면 좋겠다...제발...너무 재밌어... 가디언즈오브갤럭시 감동이라서 그런지 이스터에그처럼 가오갤 등장인물들을 쏙쏙 찾아보는 재미가 있었다! 정말 만족 대 만족.허나 히어로물 B급 코미디 싫어하는 사람은 안좋아할지도...ㅋ 또 징그러운 거 못보는 사람도...근데 막 엄청 잔인하진 않던데. 웃기게 잔인하지..ㅋㅋ 굳굳!!! 또 보구 싶다!!!,10
어 퍼펙트 데이,오늘따라 씁쓸한 농담들..,9
새콤달콤,대부분 장면을... 이니시에이션러브 보고 만들었구나..,2
라야와 마지막 드래곤,스토리도 탄탄해서 감동적이었고 보는내내 영상미에 감탄함,10
모가디슈,이제 한국 영화는 돈 주고 보는건 아닌듯,1
모가디슈,무난,4
콰이어트 플레이스 2,디테일에 강한듯 강하지 않은 아쉬움이 있음..부부가 연출과 주연을 맡아서 인지시즌 3까지 무난하게 가네요,8
은혼 더 파이널,재밋어요,8
더 수어사이드 스쿼드,재밌었어요~ 여름에 잘 어울리는 영화~~~,10
모가디슈,부모님과 함께 정말 오랜만에 영화관에서 본 영화인데 정말 기대이상으로 재밌었고 앞부분이 조금 지루한 듯 했으나 뒤로 갈수록 더 몰입이 되었다.돈이 전혀 아깝지 않은 영화이다. 조인성이 너무 잘생겼다.,10
런,걷지 못하는 것은 대부분을 못하는 것과 같구나.귀신보다 무서운 일상의 공포,8
더 수어사이드 스쿼드,워너 DC는 절대 영화만들때 간섭하지마라 영화는 무조건 19금으로 만들어라,8
모가디슈, 3살 김송한입니다. 시원시원한 전개와 아픈 역사 그리고 남북한은 가깝고도 먼 나라라는것을 느꼈습니다.,10
모가디슈,8점짜리 영화는 아님.,7
새해전야,스토리가 풍부해서 좋아요. 하지만 기대 만큼은 아니었어요. 딱 연말 영화 정도? 영화관에 안 가서 다행이네요.,7
조제,스토리가 따뜻하면서 씁쓸해요. 그냥저냥 보다가 마지막에 너무 슬펐어요.,7
꽃다발 같은 사랑을 했다,시작이란건 끝의 시작.모든 만남은 이별을 내재하고 있고 연애는 파티처럼 언젠가 끝이난다.지금 우리의 파티는 가장 좋은 분위기 속에서 시작된것 뿐이다.,10
모가디슈,진짜 딱 6점짜리 영화돈 아깝단 생각은 안들지만 기대이상도 아닙니다.,6
더 그레이트 샤크,여름에 상어는 실패가 없지 ㅎ 이번에도 성공적!,10
모가디슈,코로나 아니면 천만짜리임 지립니다,10
랑종,무섭기 보단 역겨운 장면이 많은 듯. 그래도 보고 난 후 의미 찾아보는 재미가 있음,8
모가디슈,이영화는 잼있는것도 재미 없는것도 아니다.그냥 그렇다…,6
모가디슈,정만식 배우 덕분에 알게되었는데 너무 재밌어요!! 신파없이 깔끔하고 재밌습니다  그리고 구교환배우 진짜 매력있게나와요,10
더 수어사이드 스쿼드,시작하자마자 너무 잔인해서 나갈까 했음근데 그 시작의 잔인함이 계속 영화에 긴장감을 주는 효과도 있었음할리퀸 캐릭터와 액션씬은 역대급,8
오케이 마담,넷플릭스 킬링타임용으로 보기에 나쁘지 않음 ㅎㅎ낄낄대면서 봄,8
지금 만나러 갑니다,넷플릭스 뜨길래 봤는데 진짜 너무 슬프고 감동적이에요… 이해가 잘 안 가서 두번 봤는데 두번 다 울음……… 역시 손예진은 손예진이다.. 연기 너무 잘하고.. 애기도 연기 경력 한번도 없는 아이인데 되게 잘하고.. 소지섭도 잘하고.. 영화 자체 진짜 완벽함,10
모가디슈,이번년도 최고의 영화또 보고싶다,10
워크 투 리멤버,인생영화..주기적으로 봐야함,10
아들의 이름으로,의욕만으로는 영화가..,1
모가디슈,만시기 때문에 눈배렷쥬~,2
더 수어사이드 스쿼드,간만에 정말 재미있게 봤다. 개성이 살아있는 캐릭터들의 제대로된 청불 액션.,9
루카,이 영화는 디즈니와 픽사의 애니메이션 역사에 길이 남았으면 좋겠습니다. 코코와 어깨를 나란히하는 제 인생 최고의 디즈니와 픽사 애니메이션이라고 해도 과언이 아닙니다. 정말 엉엉 울면서 본 감명 깊고 여운이 짙게 남는 영화입니다. 타인이 몰랐으면 좋겠는 겉으로 드러나지 않는 비밀이 의도치않게 드러났을때 그 것이 약점이 되어 차별과 비난으로 돌아오는 모습. 저는 성지향성의 아웃팅이 떠올랐습니다. 어른들이 가장 못하는 “남들과 다름을 인정하고 받아들이는 아름다운 모습”을 어른들이 이렇게까지 표현 해 냈다는 점이 인상깊습니다. 연출을 어떻게 이렇게까지 아름답고 감동스럽게 해 낼 수 있는지.. 더빙판 목소리와 연기력도 굉장히 좋아 더빙하신 분들을 찾아보기도 했는데 세 소년소녀 주인공들의 목소리가 모두 진짜 초중학생 아역배우들의 목소리였어서 깜짝 놀랐습니다. 특히 알베르토의 성우님의 변성기 목소리가 10대 소년소녀의 파릇파릇한 성장물 느낌을 극대화 시켜주는 듯 했습니다.,10
더 수어사이드 스쿼드,연출과 영상미가 뛰어나고 스토리도 끊기지 않고 잘 이어져 나가요. 캐릭터마다의 개성과 배경설명도 적절하게 되었습니다. 하지만 매력있는 캐릭터를 의미 없이 쉽게 죽여서 아쉬움이 있는거 같아요.,8
모가디슈,보지 마세요. 재미 없어요,2
모가디슈,연기와 영상미는 흠잡을데 없지만 너무 자극적인 연출과 사운드에 보는 내내 피곤했습니다. 밖으로 나가고 싶었어요,4
더 그레이트 샤크,역시 여름은 상어영화지! 진짜 아찔했다!,10
트롤헌터: 라이즈 오브 타이탄,마지막에서 울었음 ㅠㅠ 진짜 재밌게 봤네요. 다음편도 나왔으면해요.,10
더 그레이트 샤크,여름엔 역시 샤크해수욕장도 못가는데 대리만족이라도시원하게.. 다 물어주겨버리..,10
목소리의 형태,ㄹㅇ 띵작..눈물나는 영화,10
더 그레이트 샤크,시원하고 통쾌한게 요즘 보기 좋네요,9
크루엘라,암 낫 에스텔라 아이엠 크루엘라 할 때 ㄹㅇ 소름 돋았음,10
모가디슈,믿고보는 김윤석허준호... 존잼,10
블랙핑크 더 무비,'그' 소속사 '그' 아이돌 이제는 빨아 주는 애들이 문제지 에휴 ㅉㅉ,1
더 그레이트 샤크,역시 시원하게 재미있다! 여름에 보기 딱 좋음!,10
더 그레이트 샤크,상어가 나오는건 믿고본다,10
더 그레이트 샤크,매우 훌륭한 샤크 너무 무서워,8
랑종,쓰레기같은 영화. 농락당한 기분,1
블랙 위도우,할배가연기.개잘함 포스 핵무섭,10
모가디슈,2시간 순삭했음. 난 재밋었음,10
더 그레이트 샤크,더울 땐 역시 상어영화가 국룰,10
블랙 위도우,블랙 위도우 죽었다고 생각하고 보면 슬픔 ㅠ,10
모가디슈,절제된 스토리와 연기가 전작인 <군함도>보다 더 큰 몰입감과 감동을 선사합니다. 한국 사람들이 주인공이어서 그런지 비슷한 소재를 다루고 있는 <블랙 호크 다운>보다 더 몰입하게 되었던것 같아요. 5년 전 <군함도>가 개봉하고 나서 역사왜곡 국뽕 논란에 스크린독점 논란까지 덤터기를 쓰는 모습을 보고 많이 안타까웠는데 <모가디슈> 이 작품을 통해서 그때 비판받았던 지점들을 잘 수용 극복한거 같아요! <짝패> 때부터 너무 좋아했던 류승완 감독의 액션영화 관객으로서 앞으로의 행보가 기대됩니다. ^^,9
은밀한 방문자,역대급!!!! ㅋㅋ,9
더 그레이트 샤크,인간의심리를파고는 묘사와 절대절명의 순간 반드시 살아날 구멍이 있다,10
오로라 공주,재미있게 잘 봤어요응징!!!!,10
테넷,다 보고나면 어느정도 대부분 이해할 수 있는 영화임. 하나하나 어렵게 생각하면 엄청 어렵고 그냥 정말 영화에서 설명해주는 씬대로만 생각만 하면 충분할듯.명확한 해석은 감독만 할 수 있을듯 ㅋㅋ   근데 처음에 너~무 불친절한 전개라서 처음에 몰입이 조금 힘듬.,8
지오스톰,이제서야 봤다는게ㅠㅠ요근래 본 영화중 제일 재밋는 재난영화,10
모가디슈,최근에 본 영화중에 제일 몰입해서 봤습니다,9
꽃다발 같은 사랑을 했다,어릴적  같이 서로의 미래를 그리며 얘기하던 풋풋한 나의 모습을 떠오르게 했다.,9
더 수어사이드 스쿼드,이 세계관의 최강자는 뚱이인데요,8
모가디슈,조인성 최고… ㅜㅜㅜ스토리도 괜찮았고 근래 본 영화 중 젤 재밌었음,10
더 수어사이드 스쿼드,진지충에 오버액션 싫어하면 걍 보지마ㅋㅋ,10
인코그니토,스릴러 영화중에 상당한 수작임. 숨은명작,10
모가디슈,진짜 재밌어용,10
모가디슈,코러나 때문에 한동안 극장을 안갔었는데  평이좋아 선택해거 간만에 재밌게 봤습니다~~박진감 넘치고 스토리 좋아요~~^^,10
더 수어사이드 스쿼드,아무리 개인취향이라지만 이런 영화가 8점대라는게 놀랍다.할리퀸의 단독 액션신에 별 2개준다.DC는 그냥 열심히 다크나이트 시리즈 만들자.,4
그린 나이트,설명하지 못하는 풍유는 작품을 난해하게 할 뿐,6
디스트릭트 9,인간의 이기성과 잔혹성을 새로운 시각에서  다시금 일깨우는 수작임,10
꽃잎,당시 이정현 나이가 16살이었는데 중3 고1정도였다. 여중생을 대상으로 강간 성폭행 심지어 음모노출까지 지금 같으면 도저히 찍을수도 없는 영화였다. 아마 인권 문제로 상영금지 처분으로 상영조차 못됐을거다.,5
모가디슈,인생 최악의 영화. 돈버렸네,1
정글 크루즈,초반 30분 버티면 캐리비안 해적급 판타지 영상 볼수있음,10
모가디슈,좋았어요 시간가는줄 모르는 영화,10
더 수어사이드 스쿼드,욘두가..아니 서번트가 엄지있는 그레이하운..아니 물에 빠진 족제비구할때ㅋㅋ웃김ㅋㅋ표정들이ㅋ 첫 전투신이 내맘에 쏙드는 병맛임ㅋT.D.Kㅋㅋ몽갈ㅋ캡틴부메랑ㅋ블래가드ㅋ시작부터 아주ㅋ그걸보고 ㅌㅌ하는 서번트ㅋ,10
반도,다들 스토리 별로라고 하는데 좀비영화 좋아하는 사람으로 재밌게 봤습니다 세 번 봤어요:),10
모가디슈,시간 때울때 딱 좋음 근데 중간중간 뭐가 비어있는 뭔가가 살짝 아쉬운 감이 있는데 원래 조인성나오는 영화는 조인성얼굴보는 뭐 그런것도 있는데 이건 스토리랑 뭐 보느냐 조인성얼굴 눈에 띄게 보이지 않음 이건 성공적이네요,8
더 수어사이드 스쿼드,영화 보면서 나까지 미치는줄 꿀잼 ㅇㅈ !,10
카메라를 멈추면 안 돼!,상추형아지금 18분11초에 멈추고 이거 쓰고 있는데일단 평점 믿고 10분 더 봐볼게 ---- 다봤다. 사랑스러운 영화♡ 중간에 카메라 테이크까지 바뀐거 같아서 짜증났는데 나중에 빵터짐ㅋㅋㅋ 상추형아 또 추천해줘,10
모가디슈,코믹스런 요소는 없지만 무겁지만 그리 무겁지는 않은 볼만한 영화였음.어린아이들에게 쥐여진 총을 보니 마음이 좀 아팠음.,8
더 수어사이드 스쿼드,뭔가 개연성이 .. 전혀 없는 눈요기만 가득한 기분이었고.. 이게 뭔 내용인가가햇습니다,4
모가디슈,오랜만에 재밌는 영화 나와서 기분이 좋네요,9
미드나이트,전체적으로 나쁘지많은 않았음. 영화 처음 구상한게 여성안전벨이 대화를 통해서만 소통이 가능하고 그렇다보니 장애가 있으면 사용이 힘들것이다 라는것에서 시작한것같음. 경찰서 가기전까지는 흥미롭고 재밌었으니 그 이후는 고구마 100만개. 최악은 아니었으나 친구에게 쉽게 추천할 수는 없는 영화,6
모가디슈,간만에 잼있는 영화 봤습니다ㅎ,10
레볼루셔너리 로드,몇 년을 함께한 연인이나 부부가 보면 현실반영 100%... 혼자 보다가 너무 힘들어서 멈추고 짝꿍이랑 다시 봤어요. 짝꿍은 랑종보다 무섭대요ㅋㅋㅋㅋ 믿고 보는 디카프리오..,10
랑종,비만으로 인한 돌연사가 더 무서운 “님” + 문란한 생활과 열악한 주거위생환경의 폐해가 더 현실적으로 끔찍. 급기야 어몽어스보다 쫄깃 유쾌하지도 않은 “밍밍”한 임포스터놀이. 20대 여성하나 제압하지 못하는 미필 카메라맨의 비애.,2
보스 베이비 2,보스베이비를 재밌게 본 만큼의 감동을 2에서도 그대로 느꼈습니다. 저는 그랬어요...,10
모가디슈,정말 재미있어요 '인랑' '리얼' '클라멘타인'그리고 '7광구'랑 함께 내인생 영화 탑 5에 들었어요 꼭 영확관에서 보세요!!,10
돌멩이,김대명배우님의 연기력 진짜 미쳤습니다 영화 마지막에 은지한테 아프지말라고 할때 진짜 완전 울었어요,10
박쥐,이 영화가 평점  낮은 이유는?  신부가  타락해서?종교인의 무분별한  단합으로  별점 테러  당한듯 너무너무  재미있고 영상또한  너무  멋지다  미술감독  대단한  분인듯  옥빈이 너무 이쁘네,10
은밀한 방문자,쫄깃하게 볼 만하네요!,10
증인,'자폐아'에 대하여 많은 생각을 하게되었고 더 나아가 '차별'과 '편견'에 대해서도 생각해보게 된 영화였습니다. 재미있게 잘 봤습니다.,10
모가디슈,조조로 보고왔습니다. 잼도있고 감동도있고 무언가 가슴한켠 먹먹함도 느껴지는 좋은영화였습니다.,10
기생충,봉준호감독의 시니컬한 촌극,10
은밀한 방문자,스릴러의 강점이 잘 살아있음,10
외계 번개용,이건 뭐 어릴적 우리가 추억하는  한국영화의 레전드 중에 하나.영화도 재밌지만  보면서 어릴적 기억이 너무나서 눈물난다.ㅜㅜ,10
블랙 위도우,너무 기대를해서 그런지 실망감이 크네요내용도 그렇고 스케일도 그렇고ㅜㅜ,6
반딧불이의 묘,"도쿄 올림픽에서 참가 선수들에게 원폭일에 묵념을 해달라고 요청했단다. 좌우를 떠나 일본인들 깊숙히 내재되어 있는 자기들은 피해자라는 정신착란적 감성. 내가 ""반딧불의 묘""를 싫어하는 이유.",1
모가디슈,내용이나 연출 다 너무 좋았음,8
컷 스로트 시티,흑인 주제 영화 태반이 갈등 비스므리,1
모가디슈,작은 울림도있고 억지스럽지않게 잘 만들어진영화,9
걸캅스,안봐도 뻔하다. 우리나라 경찰에 여자가 어딨냐치안보조사.조무사일 뿐이지 ㅋㅋ,1
그린 나이트,이걸 기대한 게 아닌데,3
남매의 여름밤,지금 이 시대의 동심 ...,8
아이들은 즐겁다,따뜻하다 다이야 사랑해,8
은혼 더 파이널,은혼이다 끝까지 정말 끝이라니..,10
모가디슈,오랜만에 시원시원하게 영화 극장에서 잘보앗습니다,8
모가디슈,조인성 대배우 진짜 연기력 빠졌고보는 내내 지겹지가 않았어요ㅜㅜ또보고싶은 영화,10
7월 4일생,전쟁의 명작이라거나 수작이라기 보다 대작이고,9
더 그레이트 샤크,저는 재미있게봤습니다. 흔한 소재인거같지만 흔하지않게 만든거같아요,10
블랙 위도우,간만의 본 돈 좀 쓴 영화 ㅎ,8
더 그레이트 샤크,흠~ 상어 나오는 영화를 좋아해서 그런지 특별한건 없었지만 그런데로 볼만했음!,8
더 수어사이드 스쿼드,스토리는 그냥 그렇고 액션 괜찮음 유쾌하게 잔인함잔인한거 싫어하는 사람은 비추요,10
방법: 재차의,솔직히 이정도면 볼만은 한듯. 끝은 좀 아쉽지만 드라마 안본 나로써도 어느정도 재미있게 봄,8
모가디슈,너랑 봐서 좋았고 또 같이보고싶다.,10
모가디슈,최근에 본 상당히 재미있던 영화네요코로나아니였으면 더 많은 관객들이 보았을듯합니다.,9
모가디슈,내전에 무서움도 알고 느끼는게 많아요 재미있었어요,10
콰이어트 플레이스,처한 상황의 분위기도 잘살렸고  배경도 좋았다. 다만  괴물의 약점이 너무 간단하고 쉽게 처리되고 급하게 마무리 되는점이 아쉽다. 마치 미드의 시리즈식 마무리와 비슷한 느낌을 준다.,8
모가디슈,정만식 배우 덕분에 오랜만에 영화관에서 봤습니다! 돈 아깝지 않은 영화였어요! 배우들 연기도 물론 말모입니다. 가족들이랑 봤는데 가족도 다 재밌다고 했어요 :),10
더 그레이트 샤크,지금 시즌에 보기 딱인영화! 시원하고 좋았음,10
모가디슈,영화 내용 영상 자체는 재밌고 좋았습니다만 한 배우의 최근 논란 때문에 집중도가 떨어졌습니다,4
더 그레이트 샤크,여름 더위 완전 날아가는 시원한 영화라 좋았습니다 ㅎㅎ,10
더 그레이트 샤크,평점왜이러지 재밌게봤음,10
더 그레이트 샤크,여름엔 시원한 샤크 영화 아니겠습니까..ㅎㅎ 극장에서 보면 좋을 영화,10
모가디슈,뻔한 스토리지만 신파는없다 가족용 추석영화같은느낌의 영화 영상미가 너무좋았다,6
엑스맨,울버린 불쌍해 ㅠㅠㅠ히어로중 젤불쌍한듯,10
오만,지일주배우님 연기 멋져요,10
정글 크루즈,유쾌한 가족 영화인줄 알았는데 기대이상! 액션과 볼거리가 가득함드웨인존슨 시선강탈용감한 여주. 귀여운 남동생더 귀여운 냥이,10
더 수어사이드 스쿼드,아주 그냥 DC에서 나온 모든 영화중에 최고였따,10
정글 크루즈,감상포인트를 추천하라는데 솔직히 하나도 없다 .  연출 연기력 스토리 영상미 ost 전부 볼게 없고 유치원생들이나 재밌게 보고 신나할정도의 유치한 영화다,1
더 그레이트 샤크,큰 기대 없이... 킬링타임으로 잘 봤음,8
리플리,끝까지....긴장감..최고네요~~^^,10
정글 크루즈,인디아나존스를 표방한 새로운 어드밴쳐영화그러나 진부한 액션감 클리셰가 영화의 재미를 반감시킴특히 액션신은 드웨인존슨표 액션이 아니라서 그걸 기대하고 본다면 실망할 확률이 큼이야기 전개 또한 처음에 왜 이걸 찾아야하는지에 대한 이유의 명확성이 약간 떨어짐빌런 역할도 꽃잎을 훔쳐서 뭘해야 한다는 명분에.대해 확실하게 말해주지 않고 흐지부지하게 넘어가 왜 뺏으려고 하지? 하는 후반부에 들어서 의문이 들 정도로 약하다는게 단점인디아나존스를 기대하고 본 나로선 영화의 완성도가 아쉽다는게 내 평임그러나 에밀리블런트는 이쁘다 끝.,5
레프트 비하인드: 휴거의 시작,요즘 나오는 영화들과는 다른 영화,10
모가디슈,생각보다 별로네요..감흥도 없고..,6
모가디슈,한줄로 요약하자면 믿고보는 배우와 믿고보는 감독.,10
더 그레이트 샤크,여름에는 샤크?!!,9
나이브스 아웃,기존의 추리 영화라고 생각하다간 오산,10
모가디슈,좋은 영화입니다. 미국은 떠나고 돈없고 힘없는 나라들 사람들 남아 각자생존하려는… 그러나 이데올로기가 서로를 구분짓게 만드는… 이게 인간사인데…우리 후손들은 극복하고 살았으면 좋겠다,10
갈매기,넘 감동적인  작품입니다 강추합니다,10
언더독,마음 아파서 곁눈질로 본 영화 ㅠㅠ,10
알리타: 배틀 엔젤,아직도 기억난다 영화관에서 큰 화면으로 보던 영상미 개쩔었던게,10
더 수어사이드 스쿼드,R등급이 가져다주는 쾌감,7
내 머리 속의 지우개,2003년 클래식2004년 내머리속의지우개2년동안 인생영화 연이어찍은 갓예진,10
모가디슈,여러 방면으로 울컥함이 올라오는 영화.. 독재 정부 남북관계.. 많은 생각을 해보게 됨.,10
모가디슈,100프로 로컬촬영이라고ㅇㅇ,10
더 수어사이드 스쿼드,진작 이렇게 만들었어야지!!,10
아이들은 즐겁다,웹툰보다가 영화봤는데 감동이 컬러감과 생동감을 같이 밀려서 오네요~너무 재밋게봤어요^^ 제가 생각한 다이의 모습이에요 ㅎ 조금 키가 크지만^_^,10
모가디슈,올해 본 것 중에 가장 한국영화중 재밌고 감동적이면서도 간만에 영화다운 영화 본 것같아요배우들도 너무 연기 다들 잘하셔서 더 몰입감있게 봤구요 특히 구교환 배우님좋아하는데 역할 너무너무 또 잘 소화해내셔서 너무 재밌게 봤어용 앞으로 상업영화도 자주 출연하셨으면 좋겠어요 ㅠㅠ 구교환 배우 연기는 볼때마다 재밌고 흥미로워요 다음 작품이 기대되구요 ㅎㅎ 무튼 모가디슈 보기 전엔 이름도 생소한데 실제로 다룬 소재도 생소하고 잘 알려진 사건? 은 아니라 잘 몰랐지만 또한번 우리역사에 대해서도 생각해볼 수 있던 기회였던 것 같습니다모가디슈 ㅠㅠ 더 흥행하시길 !! 무튼 강추,10
모가디슈,처음에는 긴박한 클라이맥스를 향해가는 서사부의 느릿함이라 생각했으나 계속되는 의미없는 총소리와 총알 1000발을 맞아도 멀쩡한 자동차를 보며 흥미를 잃어버렸다. 그리고 남과 북의 화합이라는 뻔하디 뻔한 스토리 전개는 나의 무료함을 자아냈다. 볼 것이라고는 조인성 얼굴 하나였다.,2
감쪽같은 그녀,억지감동 억지사투리 억지웃음 배우들 연기력만 아까움,1
모가디슈,재밌었어요~ 오랜만에 영화 재밋게본거같네요,10
더 수어사이드 스쿼드,전체적으로 만족스러웠으나 굳이 청불로 만들면서까지 잔인하게 연출했어야 했는지는 조금 의문. 스토리는 유치한데 유혈낭자하니까 언매칭에서 오는 재미가 있기는 하지만 제임스 건은 <가오갤>시리즈때 연출이 더 좋았다고 생각함.,8
신 고질라,고질라 액션이 너무 부자연스러움 정치지판이고 나발이고 흡입력있지도 않고 이영화는 괴수 영화임 메임을 OOO기 OO이 만들었음 콩 고질라 를 한번 더보겠음 다시한번 말하지만 이영화눈 OOO기 영화임,2
모가디슈,소말리아 영화를 오로지 '블랙 호크 다운'만 알고 있는 이들이라면 이 영화는 '블랙 호크 다운' 프리퀼로도 손색 없는 작품임. 할리우드식 액션보다 더 생생한 전쟁에 대한 두려움과 그 속에서 피어나는 인간애를 경험할 수 있음. 보고나서도 오랫동안 잔상이 남는 영화! 역시 류승완 감독이다.,8
방법: 재차의,좀 오글거리지만 긴장감있고 재밌었어요 (드라마는 안봄),10
모가디슈,남!자의 자존심   페!ㅐ션 센스도 갖춘  미!친존재감 ㅈㅁㅅ,1
모가디슈,담담하게 그려낸 남북관계의 모습을 통해 여러모로 많은 생각이 들었습니다.,10
쇼생크 탈출,이 영화를 아직도 안봤다면 어디가서 영화를 봤다고 하지마세요내 인생 최고의 영화라고 자부합니다,10
밥정,산골에 사시는 할머니 할아버지 처럼 나도 겸허히 내 삶을 받아들이고 살아 갔으면 좋겠다 인생의 참뜻을 일깨워주는 참된 영화인것 같다,10
마르셀의 추억,내 인생 최애작품 인것 같습니다너무 좋았던 작품입니다,10
모가디슈,야 간첩 4명 나왔댄다. 북한 손잡는 영화 그만찍고 반공영화나 쳐만들어,1
모가디슈,디렉팅 연기 다 좋았음. 구질구질한 신파가 없어서 보기 편했음.,8
랑종,영화를 색안경을 안 끼고 영화 그 자체로 보니 괜찮은 영화입니다. 얼마나 똥 하나 묻은거 없이 깨끗한 사람들이기에 여러 커뮤 네티즌의 다양한 평가들 중에 다 싫어도 여성배우 연기력만 칭찬하는 부분들 및 페미성향 비평글이 많은걸 보고 알았습니다. 비난을 위한 pc적 비평으로만 영화를 보지 않으면 참 재밌다고 생각하는 영화입니다.,10
모가디슈,기대보다 재미있었고 실화 바탕이라 더 몰입해서 봤습니다.,10
언더 워터,에어컨 꺼도 쿨파워 튼 것 처럼 등골이 서늘했다.완전 스릴러의 원조같은 원조아닌 영화네ㅋ,10
모가디슈,걍 존잼이야.. 꼭 보세요,10
모가디슈,깻잎을 먹을깨 이해하고 도와주듯이 남북이 손잡으면 못할게 없어여,10
모가디슈,배우들 고생 참 많이 했겠다 싶음.  신파가 없어서 좋았다  저도 한표 드립니다,8
CCTV,곽도원 믿고 봤는데 독립영화인줄 몰랐네..  반전이 없었으면 엉망이 될뻘한 스토리,6
굿바이 싱글,있지도 않은 갈등 해결하는 걸 가르치겠다는 식. 그림 그리러 들어가지 못하게 막는 데에서 황당하고 웃겨서 참.. 이런 걸 지 혼자 쉐도우 복싱이라고 하든가.,1
좀비파이터,독립영화인걸 감안하고 봐야..  약간 지루함,4
모가디슈,도대체 북한은 맨날 왜 쳐엮는건지...,5
리얼 스틸,너무 재밌어요 2기대해여,10
블랙 위도우,마블빠가 봐도 빻았어 진짜라구,1
더 수어사이드 스쿼드,음… 영화관에서 보는데 이상하게 전체적으로 장면들이 다 어두워서.. 보기 불편했어요.. 어떤 때는 인물의 얼굴을 알아보기도 힘들고 이게 낮인지 밤인지 구분이 안가더라구요.. 아 참고로 영화 보다가 제 옆자리에서 보신 분은 주무시더라구요? (보시려면 참조..) 그냥 중간에 가시는 분들은 또 처음이라..,5
모가디슈,오랜만에 감동적인 영화를 만났어요 코로나가 어서끝나고 많은 분들이 함께 보면 좋을 영화,10
크루엘라,전체적으로 스토리 재미있고 좋네요. 네이버 영화로 다운 받아서 봤습니다. 추천합니다.,10
트라이앵글,무한 루프 영화중에 최고 같음. 맨 처음 여주 등장 연기에 답답함이 컸는데 그 이유가 뒤에 밝혀지니 꾹 참고 보시면 됩니다. 그리스신화도 잘 맞고 정말 시간 순삭 재밌게봤어요,10
모가디슈,오랫만에 재미있게 상영했네요.,10
고지전,다시봐도 명작이다. 신하균 같은 애들 군대가면 개 많음,10
감시자들,볼 게 없어서 채널 돌리다가  EBS  이 영화보고 밤 늦게까지 재미있게 봤습니다. 10점 만점에 10점!,10
모가디슈,모르겠습니다. 초반에 긴호흡들 지루했으며깨알재미마저 거의없어서 이건 진짜 다큐스러운영화라고 말할수있습니다. 그나마 마지막에 차추격씬과 남북헤어질때 감정처리정도는 신파없이 끝내서 깔끔했네요. 전 그다지정도의 영화였습니다,6
모가디슈,기대 안했는데 배우분들 연기는 물론 연출 장난아니에요ㅠㅠ,10
모가디슈,다들 액션보러 가는 거잖아요 ㅎㅎ,8
더 수어사이드 스쿼드,그냥 아무생각없이 보는 영화 ㅋㅋ,6
모가디슈,억지로 즙짜는 장면없이 담백한 진행에 시원한 액션까지,10
모가디슈,실화를 바탕으로 해서 나름 잘 만든 영화..,8
음란서생,그냥그럼...,2
모가디슈,한국영화 진짜 허접...경비가 몇 명 되지도 않는데 반공이 못들어와?어설픈 자동차씬하며...한국영화는 참 수준이 떨어지는건 확실,2
모가디슈,조인성이 감초로 나오다니 ㅋㅋ,10
더 수어사이드 스쿼드,내용 점점 산으로감 할리퀸은 이쁨,1
포레스트 검프,우리의 사는 모든 순간을 놓치지 말자.^^ 애플,10
"그 시절, 우리가 좋아했던 소녀",첫사랑의 추억이 새록새록~감동이였어요,10
수어사이드 스쿼드,이 좋은 배우들을 데리고 개망작을 만들다니...,1
블러드 레드 스카이,모성애를 쥐어짜긴하는데 내용이.. 읭? 갑자기? 또 갑자기? 자연스럽지못한 뜬금없는 전개. 보고나서 리뷰보는데 아 역시 보는눈은 다 비슷하구나아역이 너무 처음부터끝까지 고구마백개 캐릭터사건의발단도 중간중간 반전을노린듯한 행동들도라스트에서 반전을노렸지만 답답스러운 저정도면 큰아인데 유아틱한 행동과말들;  캐릭터들도 확실한 정체성이없이 뜨뜨미지근한 느낌에 몰입이 되다 깨지다 되다 깨지다 반복하다끝.,4
발신제한,영화레트리뷰션 : 응징의날2016년에 나온 영화랑 하너도 다를게 없는 한국판이네요.... 스토리며 다 같은데 주연배우가 캐리함...,6
모가디슈,너무 재밌었어요 잘만든 영화,10
모가디슈,꼴페미 정만식에 1점을 드림,1
모가디슈,실제로 보면 잘만든 영화다..  병따 정치충 놈들이 북한나오니 보지도 않고 악플만 쳐 하는데 영화를 쳐봐라.. 남북화합이나 한민족 같은 그런 내용이 아니다 븅들아... 인간으로써 살기 위한 여정이고 당시 현실에 대한 안타까움만 맴도는 영화다... 영화 보지도 않는 키보드 워리어들아 좀 꺼져라,8
모가디슈,굿,10
커튼콜,감독 프로필 없내 이거찍고 본인도 창피햇나 ㅋㅋ,1
모가디슈,괜찮은 영화에 북한 때려넣기 좌빨영화,8
호스트: 접속금지,50분이라고 돈아깝다는거지새기들많네,2
블랙 위도우,재밌어요,8
정글 크루즈,초5 딸과 함께 봤는데 무척 재미있었다고 한다. 내 생각도 마찬가지다. 가족과 함께 볼 영화로서 이 정도면 괜찮다고 본다.,8
그린 랜턴: 반지의 선택,나름 재밌게 봄~라이언 레이놀즈 귀여워~누가 뭐래도~,10
나비 효과,이 영화를 10대에 보지 않은 것은 행운이다.,9
너의 결혼식,환승희 개 나쁨 개빡쳐버려,8
신세계,경찰이 나중에 조직의 보스가 되는 과정. 잔인한 장면도 있지만이정도면 한국영화 탑10에 들 정도. 액션 영화 좋아한다면 반드시 보아야할것. 황정민의 연기 베리 굳. 이정재는 부드러운 이미지로 이런 영화와는 다소 어울리지 않을듯..,10
모가디슈,실화를 아주 잘 그려낸 영화 남과북은 결국 하나다.,10
블랙머니,유치함의 극치에 충분히 예측할수 있는 뻔한 스토리전개... 시간아까움,2
CCTV,시작부터 가을인데 12월 31이라는건 머임??,6
모가디슈,태준기....♡♡♡,10
폼포코 너구리 대작전,동물멸종위기온것도 인간때문일수도,10
모가디슈,공석에선 함께하지못하는 슬픔,10
더 문,이제라도 알게되어서 좋은 영화,8
턴: 더 스트릿,연기를 너무 너무 잘하시네요 이 영화 꼭 보시길 바랍니다 클레멘타인 영화를 잇는 영화입니다,10
더 수어사이드 스쿼드,1편만큼 쓰레기네졸라재미없네,4
미드나잇 인 파리,정말 최고임... 꼭 봐야함 이건 걸작임,10
울고 싶은 나는 고양이 가면을 쓴다,1시간 44분 이라는 시간이 이렇게 빨리 가는시간인지 몰랐습니다..,10
존 윅 3: 파라벨룸,존윅은 1.2 더 재밌다..,6
블러드 레드 스카이,아들역은 감독 아들을 데려다 찍은거냐? 연기가 너무하잖아,1
걸캅스,꼴깝스 꼴깝스 꼴깝쓰 꼴깝쓰,2
셔터 아일랜드,그동안 영화를 너무 많이 봤나보다 초반 30분 부터 반전이 예측돼서 재밌기는 했는데 흥미롭지는 않았다 그만큼 이 영화와 소설이 지금 탄생하는 수많은 비슷한 플롯의 대중매체의 원작격이라는 거겠지,8
천공의 성 라퓨타,땅에 뿌리내려 바람과 함께 살아가자,10
마담 뺑덕,난민전문가 압둘라하 부 바크르 알바그다디 정우성의 파워깔작 뒷치기,4
미드나잇 선,이걸 왜 이제 봤나 싶네요  마지막에 케이티가 부른 노래가 라디오에서 나올때 너무 슬퍼요ㅜㅜ,10
그린 존,소재 내용 연기 10점 드립니다,10
모가디슈,여운이 오래 가네요 구교환 배우 다시 보러 2차 관람 예정입니다,10
트와일라잇,와 진짜 너무 좋아 제발 이런 거 또 내주세요,10
더 수어사이드 스쿼드,갠적으로 스토리는 가오갤이 몰입도는 아쿠아맨이 더 좋았던 것 같아요. 가끔 잔인한 장면이 문득문득 지나가고 후반부의 무거운 분위기는 별로 였습니다. 그래도 왜 이 영화가 전문가 평점이 높은것은 예술영화에서나 볼 정도의 수준 높은 미장센과 여러가지 시도  그리고 감독 특유 유머코드가 돋보여서 그렇지 않았을까요. DC지만 어른 전용 다재다능 영화였습니다.,7
더 수어사이드 스쿼드,할리퀸 외에도 다른 캐릭터들의 매력이 빛을 발했고 연출 OST 스토리 영상미 연기 뭐하나 빠짐없이 완벽한 영화였다,10
구타유발자들,보면 기분나쁜데 과정이 너무 재밌음.,10
"아이, 토냐",토냐와미국의이야기지만우리의 이야기다. 너무 쉽게들 돌을던진다.,9
라이언 일병 구하기,말이 필요없는 영화 감동적이고 가슴이 먹먹하세요,10
유어 아이즈 텔,음..별 기대안했는데..소지섭&한효주 연기도 좋았는데 일본배우들의 연기도 감정선하며 너무 좋았어요.음악도 좋고 게다가 둘 다 제가 좋아하는 배우라 더 좋았네요,10
모가디슈,생각보다 잘만든 영화,10
더 수어사이드 스쿼드,이런 유의 영화로 이 정도 하기도 쉽지 않거든,8
더 수어사이드 스쿼드,아 재밋다 꾸르잼잼 기가 마켜,10
더 기버: 기억전달자,진짜집중해서 볼 수 밖에 없습니다,10
장화신은 고양이,역시 슈렉제작진 옛날에 봤던것같은데 또봐도 재밌네요,8
비긴 어게인,노래 너무 좋고 분위기도 굿,10
젠틀맨,스토리도 지리고 반전도 지려요 인생영화 굳굳,10
너의 이름은.,내 인생 최고의 애니메이션 영화,10
더 수어사이드 스쿼드,처음에 반 죽여서 병맛을 준 건 괜찮다. 하지만 이후 루즈한 전개가 지루하게 만들었고 자꾸 '몇 시간 전'이란 배경과 함께 뚝뚝 끊어지는 난잡한 스토리 라인으로 몰입을 할 수 없었다. 후반부까지 남아있는 캐릭터들도 절반은 설정만 있는 들러리에 가까웠고 억지로 만든 유사 부녀관계는 신파에 가까웠다. 불가사리 실험 관련 디스크를 획득할 때까지만 해도 팍스 아메리카와 같은 미국식 영웅서사 클리셰를 까는 걸로 가는 듯 했으나 이후 난데없이 아이들을 위해 싸운다고 해 주제의식에 있어 일관성이 없다. 여기에 반정에 성공한 반란군은 그들로 인해 성공할 수 있었다는 인터뷰로 미국이 없으면 아무것도 못하는 타국이란 인상을 주고 끝난다. 주제의식조차 모순적이다.,1
우주 전쟁,외계인들보다 자식들이 더 무섭다,8
더 수어사이드 스쿼드,마고로비는여신이다..  배우들연기 스타일도 최고,10
모가디슈,태준기.. 살려주세요 ㅠ,10
클래식,이 명작을 32먹고 이제서야 처음 봤네요와이프 처가 내려갔을때 혼자 밤에 맥주마시며보다 눈물범벅됐네요 너무 감동적이고 좋은 영화였습니다,10
마담 뺑덕,가스불은끄고만나자제발 왜남탓을해ㅡㅡ,6
모가디슈,태준기 존멋탱 사랑합니다 구교환^^,10
바람의 검심,꽤나 잘 만들었다. 원작을 잘 묘사 했다.,8
아미 오브 더 데드,발암 캐릭터 좀 나대지말라고 시간 버렸네 ㅡㅡ,1
화이트 릴리,영화보는 내내 남자 주인공이 되고 싶었다. 그 뿐이다.,3
컨테이젼,놀라운 영화..과장없는 스토리와 연출..,10
더 리더: 책 읽어주는 남자,내가 얼마나 머리를 쓰지 않고 살아왔는가를 가늠할 수 있게 하는 영화. 이 영화가 재밌다면 나는 정말 단순하고 뇌가 없이 살아갈 수 있는 걸 확신해도 되는 영화. 20년 쯤 뒤에 보면 완전 졸작일 것 같은 영화. 말도 안 되는 감정선과 억지로 끼워맞춘 듯한 상황극. 쉽게 얘기해 부자연스럽고 일어나지도 않을 법한 억지스러운 상황을 아주 자연스럽게 표현하려고 한 영화 및 소설. 오만과 편견의 아류작.,1
남한산성,대한민국 사극영화 중 단연 최고다. 하지만 날조된 국뽕 역사관을 가진 한국인들에겐 거북한 영화.,10
시동,대체 뭔 내용인지 모르겠다. 보는 내내 그래서 지금 뭐하자는건데 싶고 이런 대배우들 모셔놓고 이런 각본 짜내는 것도 능력인듯. 재미도 없어 그냥 욕만 처먹은 것 같음 기분나쁨.그치만 배우들 연기는 좋으니 2점 드립니다,4
박하사탕,군대에 간 순간부터 박하사탕이 밟히듯 삶이 .. 경찰을 선택하고도 .. 꼬인다.. 너무나도 처참하다..그때가 그립다 너무나 순수하고 찬란하던 그시절..돌아가고 싶다.,10
비스티 보이즈,재밌네 예전엔 몰랐는데나이먹고보니...마동석이 나오는줄은새로 안 사실 ㅋㅋㅋ,8
모가디슈,완전 짱!!코로나 아니었음 대박쳤을 영화네요사운드도 훌륭했어요!!,10
블랙 위도우,역시 블위!!!,10
터미널,정말 인상적인 영화입니다.,10
모가디슈,재미 있으면 추천!  재미 없으면 비추!,8
워터 릴리스,"가혹한 첫사랑의 열병들이여... 첫사랑은 이미 까마득히 잊은 나이인데도 덩달아 가슴이 저릿하다. ""나를 좋아하는 마음도 조금은 있었을거야. 아니어도 괜찮아. 아직 첫키스는 안했으니까."" /음악도 좋고 엔딩도 좋습니다.",9
더 수어사이드 스쿼드,유치함과 유머스러움은 한 끗차이. B급도 일부러 연출한 B급과 수준 떨어지는 B급도 한 끗차이. 감독의 이전 마블 가디언즈는 SF라 과해도 캐릭터들의 매력으로 커버가 되었지만 이번작은 매력없는 캐릭터와 유치하고 수준떨어지는 B급 영화 딱 그 정도. 이걸 만점주는 사람들은 그냥 자신의 유치함을 증명하는 수준이지.,5
모모와 다락방의 수상한 요괴들,일본판 강추합니다.요괴들 괴상하게 생긴 외모와 다르게 하는짓이 너무 귀엽네요ㅎㅎ시간가는줄 모르고 봤습니다,10
감시자들,조직적안 추적을 촛점으로 하는 새로운 시도. 신선했고 좋았다. 하지만 시도를 넘어서 영화로의 완성성은  어쉽다. 마치 기술적인 면에만 신경을 쓰다가 재미라는 큰 줄거리를 높친 격. 이번 작업은 완성이 아니라 출발작이었고 이를 바탕으로 완성성이 높아진 다음 작을  기대한다. 평점8은 바람직스러운 새로운 시도를 했다는 점에서 좀 후하게 준 점수다.,8
더 수어사이드 스쿼드,조온시놔~빠밤빠밤빰 빠밤빠밤빰,8
블러드 레드 스카이,뱀파이어의 본능을 이긴 모성애는 좋은 소재 였고 연출도 나쁘진 않아서 그냥저냥 볼만했는데 끝에 어떻게든 반전 넣을려다가 모성애로 끝나지도 않고 전체 영화 다 말아 먹은 느낌이랄까 ㅋㅋㅋ,1
황해,엄청난영화 잔인한장면이 연속되고 무거울거란 생각에 관람을 미뤄뒀던걸 후회한다 역시나홍진 하정우 김윤석,10
더 수어사이드 스쿼드,전작보다는 확실히 좋은데 ... 서사좀 없애면 안되나? 이걸 보러 온 사람들이 통쾌한 액션을 보러 왔지 캐릭터들 서사를 보러 왔을지는 의문. 그 타임을 좀 효율적으로 썼으면 좋았을텐데,6
더 수어사이드 스쿼드,예고편이 가장 재미있었음,1
윤희에게,내가 본 사랑 이야기 중에 가장 마음을 울렸던 영화.,10
황해,마누라 찾으려다 개고생했는데 허무하게 ㅜㅜ불쌍한 정 우,6
더 수어사이드 스쿼드,기대했는데..이정도면 개찐도찐이잖아...,4
더 수어사이드 스쿼드,상어 캐릭터 졸귀 냠냠~,10
더 수어사이드 스쿼드,캐릭터 분량 조절이 거의 완벽했다.그중 랫캐쳐는 능력 코스튬 모두 하찮아 보였고 할리퀸의 매력에 묻혔다 생각했다. 하지만 스타로 씬에서 랫캐쳐가 빛을 발했고 타이밍 좋게 과거 회상으로 캐릭터와 장면에 생명을 불어넣었다. 나는 이 의외의 포인트에서 감동이 배가됨을 느꼈다. 아무 감정도 안 남는 그냥 오락 영화와는 달랐다.,10
더 수어사이드 스쿼드,가디언즈 오브 갤럭시 제임스 건 감독 작품이다 안보신분들 꼭 보세요! 잔인하고 통쾌한 액션 짱!!,10
모가디슈,영화보는 내내 눈을 땔수 없었어요코로나 때문에 스트레스 이만저만 아니었는데스트레스 확 풀고 왔네요,10
아수라,후 자극적이야 스트레스 풀린다 평점 낮아서 안보고있었는데 왜 아수리언 팬덤 생겼는지 이해갑니다 한국판 블랙코미디 너무 좋았어요,8
모가디슈,영화 소개글만 살짝 읽고 가서 무슨 영화인지 잘 모르고 봤는데 기대 이상으로 재미있었어요 감동도 있고 액션도 있고 배우들 명연기까지!,10
발신제한,결말이 ㅄ같네요.,1
해어화,평점이 왜 8.2점 밖에 안되는지 그 어떤 영화보다도 애절하게 봤는데,10
아메리칸 초밥왕,너무 재미있네요~ 왠지 내예기 갔네 ㅋㅋㅋ,10
원더풀 라이프,나는 어떤 장면을 가지고 갈까,10
방법: 재차의,너무재밌게봤어요!!!!,10
내일의 기억,논란을 떠나서 서예지 연기력이 좋긴 하네 다른 영화에 비해 조연들 비중은 적고 김강우 서예지 둘이서 끌고가는 영환데 둘다 워낙 연기력이 좋아서 연기로는 빈틈이 없다 스토리는 기억이 돌아오는 과정과 기억의 조각들에 대한 현실성이 조금 미약하다연기만 보면 10점인 영화,8
해운대,ㅂㅅ들은 2009년 영화여 이때 까지만 해도 우리나라 재난영화? ㅋㅋㅋ  뭘알아야지 ㅂㅅ들이 알고까라 이정도면 엄청난 영화를찍은거야 2021년 다시봐도 많이 촌스럽지 않는데 뭘 얼마나 더해야되니? 영화에 영 짜도 모르는 ㅂㅅ들 마블영화나 쳐보고 웃으세요 연기력 잘못된것도 알고 시간질질 끈거 그건 ㅇㅈ 하는데 영화가 ㅂㅅ이였다는건 아니지,10
더 수어사이드 스쿼드,진짜 재밌어요!!!! 예고편은 그저그랬는데 영화는 너무너무너무 재밌어요,10
블러드 레드 스카이,심장 쫄깃 엄청 재밌게 보았습니다,10
워크 투 리멤버,풋풋한 모습으로만 흐뭇하게 보다가 진실된 깊은 사랑임을 알고나니 눈물이 ㅠ...,10
블라인드 사이드,너무나 감동적이고 교훈적인 영화입니다. 강추!,10
모가디슈,코로나때문에 요즘 영화관 하는지도 몰랐는데 우연히 보게되었어요 진짜 존잼.. 돈이 안아까워!!!,10
모가디슈,뭐같은 콩글리쉬 반군에게 들킬 뻔한 북한을 살려둔 점 억지로 감동 포인트를 연출 해내려고 함두 눈 뜨고 보기 아까운 주인공 버프 블랙 위도우도 평이 안좋은 판에 이렇게 국뽕에 치솟은 영화가 있다니개돼지들 성을 알겠다,1
모가디슈,진짜 꿀잼. 꼭 보세요. 조인성은 못참지,10
모가디슈,아 생각보다 엄청 스릴 있네요~~스릴 있어요~~아 긴장되고 똥줄이 타서 죽는줄...,10
우리들,나도 너도 우리도 이 영화의 한 역할이었던 때가 있었던 거 같다. 분명 '슬프다'고 정의내릴 수 있는 장면은 명확하게 없는데 잔잔하게 마음을 울린다. 나도 모르게 내 어린 시절이 떠올라 눈물이 났다.,10
감쪽같은 그녀,계속 울었습니다 지치고 힘들어 울고 싶으신분들에게 정말추천합니다,10
블랙 위도우,마블 시리즈 중 최고의 영화,10
크루엘라,기대이상의 수작. 유쾌하고 새로운 악당 탄생. 2시간동안 매우 즐거웠음.,10
모가디슈,하 진짜 돈아깝네요 그나마배우때문에보는영화인듯,1
은행털이와 아빠와 나 2,은행털이와 아빠와 나 2가 왜 1보다 먼저 나왔지? ㅡㅡㅋ1: 1986년2: 1983년,8
인시디어스 3,와 너무 재밌게 봄요 굿굿,10
비긴 어게인,배우들의 살아있는 표정은 날 영화속으로 잡아당겼고 ost들은 내가 주인공들과 함께 춤을 추게 만들었다.,10
그루피: 사생팬,1등 ... 부자되게해주세요^^,10
먼 훗날 우리,중국...이 세상에서 제일 싫은 나라 당당1순위다...,1
모가디슈,이국적인 배경덕에 꽉 찬 영화가 되었네요. 별이빼곡한 밤하늘까지 현지올로케 값 합니다.,10
방법: 재차의,드라마보다 볼만했어요% 지루하지 않고요,10
호스트: 접속금지,요즘같은시국에 맞는 공포영화를 만드신것 같은데 그렇게 막 무섭진 않았고 재밌지도 않은것 같아요. 6점을 준 이유는 그래도 완전 노잼까지는 아니었다라는 겁니다.,6
콘스탄틴,레이첼 바이스… 최고의 배우.,10
황해,세번째 봄영화는 이래여야만 하는것,10
아미 오브 더 데드,이 영화가 이렇게 점수가 낮다고?한국영화계 참 한심하다. 한국영화 보게 하려고 알바 동원해서 미국 영화 평점 깎아내리는 짓이나 하고 부끄러운 줄 알아라.,10
해가 서쪽에서 뜬다면,다시 봐도...임창정의 천진난만 순진하고 착한 감정선이 와닿아서...풋풋한 그 시절로 돌아가는 듯....고소영 미모.. 옛날도 지금도 여전하네...,10
건축학개론,이걸 왜 이제야 봤지.. 최고의 영화입니다. 여운이 남네요,10
워크래프트: 전쟁의 서막,몇번을 봐도 재밌는데.. 왜 2편이 안나오지.. 너무 아쉽다..,10
루카,처음 시작부분은  좀 별로였는데 은근히 감동적이고 인간과 서로 융화되는 끝부분이 뭉클했어요. 역시 편견없이 서로를 바라봐야 할 것 같아요.,9
모가디슈,정말 재밌게 잘 봤습니다 후반부터 심하게 울고 마지막에 거의 오열해서 ㅠ 끝나고 자막 다 올라갈때까지도 못나갔어요 극장에서 나 혼자 운 것 같고 쩜 민망하네요 아무튼 5점 만점 드립니댜 ㅠㅠ,10
모가디슈,조인성김윤석팬이지만 감독이 싫음..군함도에서 너무 실망..그뒤. 믿고거르는 감독임,2
클릭,정말 감동적인 영화입니다....ㅠㅠ정말 주어진 지금 순간순간을 소중하고 감사하게 주위사람들을 사랑하면서 살아가겠습니다!,10
스파이더맨,거미인간이라는 히어로의 탄생을 알리는 마블의 역작. 단 한 순간도 지루할 틈이 없이 아주 짜임새있게 전개됨. 실사와 CG가 적절한 비율로 적절하게 결합하여 리얼리티가 살아 있음. 각종 재난상황에서의 스파이더맨의 활약이 감동까지 줌.,10
엘리자베스타운,배우들 연기는 좋으나 미국식 오글거림의 극치;;,6
모가디슈,류승완 감독이 한국판 아르고를 만들 줄이야..,8
모가디슈,조인성씨 연기 너무 좋았어요,10
올드 가드,좀 지루한가? 싶더니 점점 몰입하다가 2를 기다리게 됨. 시즌제 미드였음 완전 몰입해서 봤을 것 같음.,10
이장과 군수,평범하지 않지만 평범해서 더 좋은 결말,10
블러드 레드 스카이,애새0 때문에 망한 영화 처음부터 끝까지 발암 캐,1
더 수어사이드 스쿼드,데드풀을 뛰어넘는 병맛 히어로물!!!뭐 하나 모자란게 없는 올해 최고의 오락물 특이 샤크 골때림 ㅋ,9
모가디슈,심장쫄깃하게 너무 재밌게 잘 봤어요 ㅠㅠ 끝에서 너무 슬펐고 가슴이 먹먹 ㅠㅠ 감독님 그리고 배우님들 멋진영화 너무 감사합니다!!,10
다만 악에서 구하소서 파이널컷,오랜만에  시간 가는줄모르고 봤네요^^  너무재밌게 봤습니다,10
성난황소,작위적이고 개연성이 부족한 연출. 좋은 배우들이 열연했지만 A급 오락 영화로는 부족하다.,7
콜래트럴,너무 저평가된 액션 영화.,10
루카,재미와 감동을 다 잡은 작품!! 청량감 넘치는 화면 연출에 스토리도 맘에 들고 캐릭터들도 너무 귀엽고 사랑스러워요. 애니메이션 좋아해서 종종 보는데 개인적으로 Top5 안에 듭니다. 역시 디즈니픽사 영화는 역시 믿고 봅니다!!,10
미드나이트,고구마 몇억개 먹고 체함 절대 보지마시오 절대,2
터널,한국 재난 영화 중 볼만한 영화.,9
무언의 목격자,답답하면서 극도의 긴장감이 감돈다,9
올드 가드,너무 재밌다 2 기대됨 ㄹㅇ,10
살인자의 기억법,재밌어요 적절한 코믹요소도 있고 연기력도 좋음,10
여고괴담 여섯번째 이야기 : 모교,vod로 나와서 돈주고 봤는데 돈이 너무너무아까워서 분노가 차올라서 잠을 못잤음...ㅋㅋㅋ그정도임 진짜 돈줘도 보지마세요. 시간아까움. 정신산만하고 어수선하고 하나도 안무서운 영화 졸작중의 졸작이다 진짜 발로 편집했나봄. 진짜 개구림,1
방법: 재차의,반기업 권해요가 나오는 좌파영화,2
CCTV,여조연들 연기 어쩔거야.,4
극장판 도라에몽: 진구의 신공룡,도라에몽은 미키마우스 라이벌이지...한국이 자랑하는 캐릭터는?뽀로로?펭수?,10
라라랜드,달콤씁쓸한 커피를 마시며 카페에서 이별한다면 이 느낌?,8
블랙핑크 더 무비,블랙핑크 공연에 온 듯한 현실감 대박 단 1도 지루할 틈이 없었네요 또 보러갈래요!,10
모가디슈,진짜 간만에 작품하나보고감 역시 류승완,10
발신제한,더테러라이브 범인 탈옥함?ㅋㅋㅋ그냥저냥볼만함,6
모가디슈,구교환 배우 인상 깊었습니다 강추!!,10
버닝,감독 연출 연기 다 최고의 작품임정말 가득 담아서 보여줬으나 선택해서 받아들이면 되는 영화,9
돌멩이,감독이 착한병에 걸려서 출연자 전부 나쁜놈으로 만들었어요. 고구마 한 100개 먹은듯.,2
붉은 거북,자연은 인간의 산물이지만 동시에 재난이 되기도 한다.그의 의지에 따라 자연은 그를 좋아했다고 말할 수 있다..,7
트라이앵글,아 진짜 답답하다가 답답하게 끝나는 영화 ㅋㅋ,1
쓰리 데이즈,치밀하지도 힘이 세지도 않다. 그럼에도 그래서 더 몰입 된다.,8
극한직업,고급식당은 아니지만 깔끔하게 맛있는 프랜차이즈 치킨느낌,8
목소리의 형태,명확한 해결책은 없다. 하지만 그 모든 당연해질 수밖에 없었던 사건들이 서로 맞물릴 때 그게 눈으로 보여 질 때야 그 일련의 과정들로 서로를 이해할 수 있었다.,7
7번방의 선물,진짜 지...아지짜....,10
모가디슈,모든 배우님들 나무랄데 없는 연기에 박수를!!연출 스토리 연기 감동 잔인하지 않아 더 좋았다돈이 아깝지 않은 영화,8
크루엘라,엠마스톤 예뻐요!!!,10
더 수어사이드 스쿼드,너무 어설프고 유치함… 피식하면서 봤다는 평이 있던데 전혀… 몇 년만에 보다가 졸았을 정도.. 시간 아까웠음,6
국가대표2,다시봐도 눈물지뢰임 수애연기좋음,10
캐시트럭,너무좋아 이런영화 너무 굿,10
랑종,생각외로 내용이 허접하다고 느낌무슨 좀비물도 아니고 전개도 별로고특히 카메라 무빙 때문에진심  여자친군 토하고 오고 나는 멀미나고 어지럽고 제대로 보지도 못하고돈 내고 멀미 사고옴 화남 돈아까움제발 이 평점을 보고 영화보러 가는걸 다시 한번 생각하세요 기미테를 사고 가던지  후....,2
더 수어사이드 스쿼드,전편보다 더 재미없는게 가능할까 싶은데 가능,1
더 수어사이드 스쿼드,사람의 응꼬는 헤어스타피쉬다,6
모가디슈,JSA의 벽은 높고 통일은 멀다.,4
감시자들,재미있게 봤어요. 굿~~,10
엑스 마키나,너드 주인공때매 걸출한 인재인 회장만 죽음....AI년이 궁극의 악임....내가 40평생 수많은 영화를 보면서 실제로 스크린에 들어가서 죽여버리고 싶다는 생각을 들게 만든게 바로 이 영화 악역인 AI년임ㅋㅋ 진심 100년 영화 역사의 최고의 악역이 바로 이 영화 AI년일꺼다 ㅋㅋㅋ 멘탈 약한분들 보지 마셈 ㅋㅋㅋ,1
과속스캔들, 재밌게 봤습니다^^별10개,10
원스 어폰 어 타임... 인 할리우드,타란티노 특유의 색깔은 좋다만 끝맛이 좀...영상은 예쁜데 허무하다. 취향차이,4
더 수어사이드 스쿼드,왜이리 유쾌한척하지 노잼임 그냥 할리퀸 총쏠때 꽃 나오는 것도 어디서 본 장면 같고,3
이별의 아침에 약속의 꽃을 장식하자,슬픈데... 너무 슬픈데... 너무 재밌고.. 마지막에 ost 쩔고.. 다 쩔어,10
더 수어사이드 스쿼드,제임스건 특유의 쌈마이식 연출은 그나마 볼만했는데 캐릭터들이 너무 메리트없음... 할리퀸마저 전보다 되려 매력없게 나옴. 제임스건도 못 살린거면 자살특공대는 이제 그만 놔줘라 dc것들아,2
이터널 선샤인,온전히 나를..그리고 상대방을 봐줄수는 없었을까..서로 지치게 만드는것도 사랑일까..그럼에도 불구하고..너와 함께하고 싶다,8
너와 파도를 탈 수 있다면,넘 아름답고 행복하고 슬펐던 그리고 넘 제 취향의 영화였어요,10
블랙 위도우,너무 재밌었어요 :) 근데 앞에 마블 영화 안봐서 왜 블랙위도우가 히어로인 줄은 모르겠지만 그래도 너무 재밌었어요,9
악인전,호쾌한 액션신이 눈을 즐겁게 하네요,10
더 라스트 머시너리,아들을 꼭 구해야 하나… 아오… 액션만 보고 싶었다,6
더 수어사이드 스쿼드,킬링타임용으로 봐줄만함이런 영화에 감동 스토리를 논하는거 자체가 모순아닐까??,10
라라랜드,몇번을봐도 최고에요 ㅜㅜ,10
연평해전,감동적이고 너무 슬픕니다ㅠㅠ... 군인분들 존경합니다,10
모가디슈,잘만들어진 영화같아요. 코로나시대임에도 많이들 보실듯요~~~,10
보스 베이비 2,다른 영화들에 비해 2인데도 재밌었어요 옛날 생각도 나고,10
그린 나이트,가웨인'경'과 녹색의 '기사' 간 물리적 심리적 기사도적 간극을 좁혀가는 지난한 여정. 어렵지만 한번은 다시 풀어보고 싶은 문제작,8
콜 오브 와일드,벅 같은  개 키우고싶다..,8
보스 베이비 2,1편보다 훨씬 재미있게 봤어요~~!,9
고질라 VS. 콩,극장에서 봤다면 더 멋있었을 듯. 화려함 그 자체.,10
긴급 명령,말이 필요없음. 무조건 봐야함^^,10
모가디슈,근래 본 영화 중에서 가장 흥미진진했습니다!,10
천녀유혼,왕조현이 너무 예뻤던….??,10
바람의 검심 : 전설의 최후편,마지막  사무라이들에게 경례 장면은 소름~~!,10
모가디슈,오..마치모가디슈에들어와있는것처럼느껴졌고 몰입감스토리연기력최고!!!올만에정말재밌게잘봣네용액션신도최고 ^^,10
모가디슈,진짜 꼭봐라 개재밌다!,10
유전,뭔가 끈적끈적한 불안함과 불쾌감이 느껴지는 영화.. 몰입감 있었습니다,9
모가디슈,정말 오랜만에 돈내고 영화 보고 기분 좋았어요 아이들과 보아도 역사적인 사실이라 좋았고 현장감이 생생해서 보는동안 김장감도 좋았고 곳곳에 감초같은 코믹요소도 자연스럽게 녹아들어 막지막까지 만족감 높은 영화 였습니다 이런 좋은영화 만들어 주셔서 감사합니다,10
정글 크루즈,이런 영화는 일년에 하나씩 나와줘야 한다,7
랑종,아쉬운점은 있긴하지만. 그냥저냥 볼만했어요,6
아쿠아맨,와우 굳 영상미,10
괴기맨숀,정말 진지하게 공포영화 정말 좋아하는 사람으로써 이영화는 돈주고 보지마세요 ^^그럼이만,4
노팅 힐,오늘에서야 이름만 듣던 명작 영화를 보게되네요. 감동입니다.,10
디파티드,엄청난 명작입니다. 최고의 작품,10
모가디슈,너무 재밌게 봤어요!!! 실화 바탕이라 더 감동이 있는거 같아용!다들 연기도 너무 잘해서 진짜 재밌었어요추천합니당구교환님 너무 멋있어요ㅠㅠ,10
26년,역사를 기억합시다..,10
정도,중국 무협지 핸리 주인공 강추,10
워크 투 리멤버,이런 것이 사랑이라면 나도 해보고 싶다고 처음으로 생각하게 해준 인생영화. 슬프지만 너무 아름답고 찬란한 이야기,10
더 룸,여운이남는 영화 꼭 보세요..,10
변신,비록 오컬트라는 장르 영화 특성상 예측 가능한 클리셰 범벅이긴 했으나 가족 내에서 일어난다는 소재도 신선했고 배우들 연기도 너무 좋았고 초반 연출과 스토리도 너무 좋았는데 앞에 뿌려놓은 여러 대형 떡밥들을 거두지 못 하거나 활용을 잘 못 해서 아쉬웠습니다. 후반부를 조금만 더 잘 다듬었으면 정말 괜찮은 영화였을 거 같습니다.,7
"조제, 호랑이 그리고 물고기들",이별이라는 술을 거하게 마시고 난 다음날 숙취같은 영화,10
플로리다 프로젝트,이토록 처절한 영화를 아무렇지 않은듯 담담히 담아내는 감독의 잔인함,10
바람의 검심 최종장: 더 비기닝,기대보다 좋았어요^^,10
허리케인 하이스트,중간에 주인공 오줌싸는거 나옴 킹중 대박,10
블랙 위도우,동생이 나한텐 진짜 가족이었다고 할때 뭔가 울컥했고 마지막에 엄마가 나타샤한테 몸 조심하라는게 좀 감동을 받았다,10
모가디슈,재밌어요!!배우님들 연기 진짜 잘함..,10
더 수어사이드 스쿼드,댓글 알바  천지네요 저는 재미없게 본 영화만 평점 다는데  살아있다 다음으로 드디어 평점다는 영화가 나왔네요. 이제 네이버 평점 못믿겠습니다. 19세라서 킹스맨 데드풀 느낌 기대하고갔지만 개똥입니다. 마블과 dc의  격차가 엄청나다는걸 느끼게해주네요. 엉성한 개연성 너무 많아서 보다 지루할정도의 액션신  뻔한 스토리. 만약 어쩔수없이 보시게된다면 마음 편히보세요 그리고  영화끝나고 아 단돈14000원으로 나중에 볼뻔했던 dc영화들 거를수있겠구나 하면서 만족하시면 됩니다.,1
크루엘라,아이랑 봤는데 넘 재미있게 봤어요아이랑 보기에도 좋고 넘 재미있고  특히ost가 좋았어요  1번더 봐도 재미있게 볼수있을거 같아요,9
"당신, 거기 있어줄래요",애플페북아마존...아니면 삼성전자라도 사라고 클럽 다니면서 주지도 않을 상련들 동고좀 그만 빨고 다니라고....말해주고 싶다,10
더 수어사이드 스쿼드,그냥 부수고 자르고 터지고 모든 사이코짓을 볼수 있는 영화 재밌음,10
나쁜 남자,기분 ㄱ ㅈ 같아지는 영화 본인 이야기 만든 영화인줄 너무 사실적이여서,1
크루엘라,Ost도 좋고 연출 연기 스토리 영상미 그냥 다 좋았음시즌2나왔음 좋겠음,10
은혼 더 파이널,은혼은 역시 은혼.... ㅜㅠㅜㅠ 또 돌아올거지??ㅠㅠ,9
더 수어사이드 스쿼드,어떤놈이 탑 뚱이 키웠냐,7
발신제한,신파 오진다; 구리고 뻔하고 재미없음; 음악은 거의 뭐 인터스텔라냐고; 음악이 좋은데 영화에 비해 과함,2
모가디슈,옷랜만에 가족들과 재미있는 영화 좋았습니다.,10
블랙 위도우,스칼렛 요한슨 팬인데 정말 주연으로 블랙위도우 촬영해서 넘 기쁘고 재미있었어요!!?? 플로렌스 퓨 배우도 정말 연기 잘한거 같아요!!?? 보면 후회는 안 하실거에용!!꼭 보세요,10
더 수어사이드 스쿼드,미친ㅋㅋ마고로비는 매력적이고성인용 전대물과 좀비물을 섞어버린미친 기획이네ㅋㅋㅋ,10
정글 크루즈,디즈니는 믿고보지만 너무 캐리비안해적같았음,1
모가디슈,재밌어요 배우들 연기가 와…,10
더 수어사이드 스쿼드,1점준인간들은 뭐하는놈들임?,10
해가 서쪽에서 뜬다면,고소영 이쁘다 진짜..ㅋㅋㅋ 연기 못한다 생각했는데 못봐줄 정도는 아니네 ㅎㅎ,8
빅쇼트,정말 이런 일들이 실제로 2008년도에 일어났단 말인가?  어느정도까지가 사실일까...?  제발 80% 이상이 사실이라고는 말하지 말아 주라.  모든 사람들이 꼭 꼭 봐야 할 공포영화.,9
왓 이프,생각대로 흘러가는 스토리,6
모가디슈, 할말 많지만 아끼겠습니다....,1
빅쇼트,서브프라임 모기지가 어떻게 무너졌는지 상세한 과정과 내용을 잘 전달했다고 봅니다.. 영화를 이해하면서 보기위해 찾아보면서 봤습니다.ㅋㅋ 영화를 재미로만 보기에는 좀 별로지만 경제나 주식을 공부하는 사람들에게는 흥미로운 영화였을거라 생각합니다. 저는 잘 봤어요.^^,9
모가디슈,하…존112나재밋어,10
낙원의 밤,대체적으로 재미있다.차승원 ㅎㅎ 연기 잘한다.,8
세자매,눈물이 멈추질 않는 ..너무 리얼해서 불편한  ..배우들 연기 좋아요. 좋은 영화네요.,10
그랜드 부다페스트 호텔,경외심과 그리움의 혼동을 그린 예쁜 우화,10
모가디슈,마지막에 북한외교관분들이랑 우리나라 외교관분들이랑 따로 모르는척 하면서 가는게 너무 슬펐다,9
논스톱,이런 영화 또 없나?? 한 장소에서 이렇게 쫄리긴 첨임ㅋㅋ 추리로 몰입감 올라가고 액션 사이다고..분위기고 내용이고 연기고 액션이고 다 내 스탈.. 이런 영화 찾아봐도 없다.. 리암 니슨 영화중 그나마 커뮤터가 비슷..하지만 한장소에서 지루하지 않게 추리해가는 액션물 중엔 이영화 따라올거 없을듯..,9
올리브 나무 사이로,1990년대 영화중 최고의 라스트 씬.   현실과 영화가 절묘한 아름답고 담백한 지그재그 3부작의 완성.,10
더 수어사이드 스쿼드,DC라 기대없이 봤는데 예상외로 볼만함,8
엘 시크레토: 비밀의 눈동자,결말이 신선하네요그러고 보니 올드보이 생각나기도 하고,8
다빈치 코드,이 영화 처음 나왔을땐 종교적 신념때문에 보지 않았는데 그새 시간이?? 이렇게나 지나다니…. 영화는 그냥 영화일뿐 개인적으로 매우 수작임,10
발신제한,진짜 짜증나 평점알바들때문에 사기당했어,1
더 수어사이드 스쿼드,초반 욘두브라덜 등장그리고..헤임달 횽아가 대충스토리 끌고감기존 마블 유니버스와는 다르게 너무 너무 케릭터의 개성이라든지 고딴게 뚜렸하지 않아서 그닥 참 잘한건 할리퀸이  확 이목을 안끌게 만든거며은근 dc무비지만 이감독 똘끼 있는지 마블출신  배우 3명을 캐스팅 하고 그중1명은 초반에 저세상으로..스토리는 기대금물 할리퀸 팬들은 그닥그리고..딱 이영화 끌고가는건 헤임달 브라덜과 유캔씨미 외치던 좃아니 존씨나 햄일단 드라마로 피스매이커 우찌 만들지 기대중 그리고 불만은 쿠키가 넘 늣게 나온다는거일단 이영화  시작으로 하나하나 매력있는 케릭터 싱글영화 만들고이후 빌런과 배트맨 슈퍼맨 맞짱뜨는 영화 나오길할리퀸이랑 캣우먼 맞짱뜨는거라든지아쿠아맨이랑 샤크킹 스토리라든지퍼니셔랑 해임달 브라덜 이라든지ㅋㅋ,5
모가디슈,너무 휴머니티에 초점을 맞춘것 같지만억지로 끌어내는 감성이 아니어서 괜찮았다^^교과서에서 ''1991년 9월 남북 유엔동시가입''요렇게 한 줄 말고 좀 자세히 다루어 주었으면 좋겠다역사를 영화로 드라마로 배워서 배우이름빼면 아무것도 기억하지 못하는 그런 일이 좀 없어지게...암튼 이런 영화도 나올 수 있는 세상이 되었네...,8
블랙 위도우,마블이 마블했다 블랙위도우 주연 너무 멋지고 좋았습니다,10
페르시아의 왕자: 시간의 모래,질렌할 좋아~~타미나 공주 이뻐~~~,8
더 수어사이드 스쿼드,아니 징그럽다는 말 왜 아무도 안해줬나..징그러운거 잘 못보는 사람한테는 정말 최악...,2
모가디슈,배우들의 연기와 연출 등 모든 것이 좋았지만굳이 북한과의 감정선을 그렇게 만들어 내야 했을까 싶음 남과북이 분단 되고 같은 민족임에도 적이 됐어야만 하는 슬픔 등 여러가지 감정이 느껴지기도 했지만 솔직히 현실적으로는 말이 안된다고 생각 했음 6.25가 끝난 지 채 30년이 좀 안되는 시대에 남북 외교관이 동정심을 느끼고 남한의 위험을 무릅쓰고 서로를 돕는다는 것 자체가 짜증나고 말도 안되는 연출 이었음 보면서 내내 답답했음 ㅜ,6
피닉스,니나 호스의 소름돋는 연기력,9
사라진 밤,반전은 좋은데 왜 하필 형사 와이프를 뺑소니했나 억지설정이다,6
블랙핑크 더 무비,블랙핑크 5주년 진심으로 축하해 우리 블링크가 항상 너희 곁에 있을게?? BP IS REVOLUTION,10
모가디슈,2년만에 찾은 영화관… 조마조마한 마음으로 정말 재미있게 봤습니다,10
모가디슈,영화보는 내내 손을 잡고 봤습니다.,10
소년시절의 너,이 영화는 처절하지만 처절할 수 밖에 없었던 아픈 마음을 가진 사람끼리 서로를 알아보고 서로를 바라봐주는 그런 영화인것 같다. 각자의 사정을 다 알려고 하는것이 아닌 말로 하지않아도 눈빛만으로도 이런 서로를 알아주고 행동해주는 정말.. 연기로 담아낸 배우들이 정말 대단하다. 이 영화가 사실 나는그저 과장된것 이라고는 보지 않는다. 정말 어딘가에서 일어날만한 누군가가 이 위기에 처한다면 선택할 선택지 중 한가지를 보여줬을 뿐 이 영화감독은 정말 많이 공부하고 배우들을 잘 컨택한것 같다. 좋은 영화였다.,10
모가디슈,간만에 재미있는 영화 봤다.,10
맨 온 파이어,최고의영화10번봤음,10
소공녀,현실적으로 본다면 무척이나 어렵게 사는것은 알겠는데 여주의 행태를 보자니 등장 캐릭터 중 제일 미성숙하고 개선의 여지가 없어 보여 동정조차 가지 않음. 다만 한 인물의 캐릭터가 아닌 현대인의 여러 어려움 -집 돈 인간관계 워라벨 등- 을 함축해서 보여준 것이라고 한다면 공감의 여지가 있기도. 억지로 동정을 구하려 하지않고 간간히 보여주는 위트 등 연출력의 승리,6
발신제한,모든면에서 엉망이지만 젤 웃꼈던 부분이 폭탄제거아줌마가 딸보고 가자고 할땐 온몸을 다해 미친듯이 버티더니 지창욱이 가자고 손 잡으니까 순순히 따라감ㅋㅋㅋㅋ,1
천녀유혼,그냥 good이지 호들갑 떨 정도는 아닙니다~!,6
모가디슈,스토리가 지루할 틈 없이 이어져서 2시간동안 딴생각 안하고 집중해서 볼 수 있었고 배우분들 연기 연출도 좋아서 더 집중되었어요!꼭 보시길 추천드립니다 !,10
모가디슈,오랜만에 끝까지 몰입하고 본 영화,10
블랙 위도우,영화관에서 봐서 잘했다는생각이듬 ㅠ 킬러이기전에 한 여자이고. 아이였고.가족이있는.그냥 한 사람인 나타샤ㅠ ㅠ 진짜 너무 감동깊게 봤어요!플로렌스 레이첼 진짜 너무 멋있었음!!!!,10
미나리,누군가에는 지루함으로 와닿는 영화가 나에게 감동으로 다가왔다. 이민자 배경을 떠나 한국인으로서 부모의 갈등을 보며 할머니의 손에 자란 나에게는 충분히 향수를 느낄만한 내용이었다. 무엇을 말하는지 무엇을 나타내는지를 떠나 이 영화는 나에게 소중했던 누군가를 또 그 시절의 기억들을 떠올리게 해줘서 너무 고마웠다. 이 영화가 지루하다고 느낀다면 묻고싶다. 당신들의 삶은 누군가의 손자로 아버지로 어머니로 할머니 할아버지로서 혹은 자식으로서 최선을 다해 살고있냐고 말이다.,10
더 수어사이드 스쿼드,'부제 - 뚱이의 분노',6
아이,현실적인 내용도있구요. 고아라는 컨셉에 더 감정이 몰입되었습니다. 모두 연기력이 좋구요~~ 영화 흐름도 자연스럽고 분위기도 좋았어요^^,10
그린 나이트,전체적인 연출과 스토리가 너무나 좋았고 추천하고 싶은 영화임!!,10
이스케이프 룸 2: 노 웨이 아웃,차기작을 위한 루즈한 스토리 그치만 액션은 좋았다,8
꽃다발 같은 사랑을 했다,누구나 한번쯤은 꿈꿔본 행복 누구나 한번쯤은 겪어본 사랑.아름다운 색깔과 향기를 가득 담고 있는 꽃다발. 매일 차가운 물로 화병을 채워 꽃다발의 처음 싱그러움을 간직하고자 노력해도 결국은 시들어간다.꽃다발이 시들면 어떻게 할것인가?쓰레기통에 버릴 것인지더이상 처음의 그 향과 색은 존재하지 않지만 그 안에 담긴 기억을 드라이플라워로 오래도록 간직할 것인지.선택과 노력은 그 사람의 몫.,10
굿타임,혼란스러운 상황을 잘 표현한 영화,10
엑스맨: 아포칼립스,대박임.이거 개봉한지 좀 됬는데 난 이게 최애영화.,10
모가디슈,류승완 영화는 믿고 봄. 액션연출은 우리나라에서 따라올 사람이 없다,10
더 수어사이드 스쿼드,정말 3류 영화보는 느낌이었습니다. 굉장히 실망했구요... 스토리 액션 연출 모든것에 실망했습니다. DC가 갈수록 센스가 없어지는거 같네요.,2
모가디슈,연기자분들의 연기. 역시. 추천합니다. 너무 재미있게 보고 갑니다,10
더 수어사이드 스쿼드,요즘 DC 미쳤네 영화 너무 잘 뽑음. 마블은 단순히 본다라고하면 DC는 느낀다,10
캡틴 스터비,강추합니다!! 또 봐도 전혀 질리지 않는 스토리,10
콰이어트 플레이스 2,관객도 숨 죽이며 보게 된다 아쉬움 부분도 있지만 이런 소재에 이정도면 훌륭,9
제8일의 밤,이게 무슨 내용입니까... 영화가 너무 힘드네요ㅠ 하아 내시간..,1
랑종,무서워요ㅜㅜ심각하게무섭,10
모가디슈,간만에 재밌는영화 킬링타임용으로 제격,10
분노의 질주: 더 얼티메이트,여태까지 번 시리즈중에 제일 재미 없었음..개연성도 액션도 너무 과함..진짜 이번화 개망작,1
에이리언: 커버넌트,시대의 수작.SF 스릴러의 대명사.,10
모가디슈,너무 재미있게 봤어요!!! 짱,10
사라진 시간,술 아예 못 마시는 사람이술 마시게 만드는 영화,10
모가디슈,차타고 조용히 집에가는데 잘도착했는게 이렇게  행복할줄이야.,8
더 수어사이드 스쿼드,영화보다 졸려서 죽는줄알앗네요;;1편을 이렇게 망칠수 있나 싶음,4
프로메테우스,SF 스릴러의 수작. 두고두고 볼수록 깊이가 느껴지는 작품.,10
모가디슈,나름..연기자들이 살린듯..스토리는 예상가능했고..여튼 그래도 재미는 있네여..,8
오아시스,편견의 무서움을 느꼈다. 나또한 안 그럴려고 하지만 그렇게 살고있는건 아닌지..이 영화에 설경구 문소리 배우는 연기가 아닌 실제 그사람들이었고 따뜻했고 미안했다.,10
모가디슈,초반에 지루함을 더할수있으나 스토리 전달을 위해 필요한연출로 이해할수있었음중후반부로 갈수록 역시 이름값하는 연기자들의 연기력과 사심과 팬심이지만 오랫만에 스크린에서 만난 조인성씨는 완벽했다,10
정글 크루즈,너무 기대해서 그런가 생각보다 별로..,5
모가디슈,외유내강 믿고볼수있음,10
스파이의 아내,피해자의 얼굴이 아닌 가해자의 거울로 바라본 일본 군국주의의 부끄러운 자화상,7
블랙핑크 더 무비,블랙핑크 더 무비를 보고 블랙핑크가 더 좋아졌어요!! 내가 왜 팬이 됐는지 알 수 있었던 영화♡ 보고나니 행복하네요,10
늑대소년,이런영화가 10년전라니 ㅠㅠ 비슷한영화 제작 많이 되었르면,10
모가디슈,잼나요재미용 핵잼 핵꿀잼,10
모가디슈,간만에 제대로 된 영화보고 왔어요,10
모가디슈,갑자스러운 신파와 액션의 연결이 아쉽다그럼에도 정상급 배우들의 연기는 볼만했다.,7
미스트,살짝 허탈한 결말을 감안하더라도 역대 Top 10 괴수물에 반드시 포함되어야 할 영화! 긴장감이 압권임!!,10
방법: 재차의,몰입되어 전혀 지루하지 않고 봤습니다. 굿,9
모가디슈,북한 미화영화!~~ 너잼,2
쌍화점,정말 30대엔 그져 야하다고만 느꼈는데.40대가되어 다시보니 너무 감동적이다.어느것하나 버릴것이 없고 이성애자이지만 동성 이성을떠나 그들만의 입장과 감정들이 너무 절절하고 왕의 죽이라는 명령만없었다면.. 그리고 진정으로 사랑한다면 놓아주었어야할 사랑이 비극으로 치닷는게 너무 안타까웠다.명작이다.,10
그린 북,지금까지본 영화중 최고,10
나비 효과,한때 나를 울렸던 Life is Strange. 그러한 나비효과의 원조라고 느껴지는 영화를 어릴때 한창 유명할 때 안보고 이제야 봤다. 인간의 마음에 자리 잡고 있는 과거로 시간돌리는 이야기를 잘담아 정말 잘만들었다. Life is strange 보다 오히려 늦게 보아서 좋았다.,10
모가디슈,2시간의 러닝타임이 너무나 짧게 느껴진 최초의 한국영화. 몰입감과 빠른 전개 치밀한 연출 우리나라 액션영화중 감히 최고라고 얘기하고 싶네요. 특히 조인성이란 배우를 새로 보게 됐어요. 멋진 사람**,10
더 수어사이드 스쿼드,간만에 시간 가는줄 모르게 봤다.캐릭터 한명 한명이 개성이 넘쳐 재밌다.D.C영화도 다크나이트 조커 이후로 하면 된다는 것을 보았다.그런데 평점 1점 테러 박은 넘들은 영화 제대로 보긴 한거냐??,10
더 수어사이드 스쿼드,노잼 매우 노잼이다ㄹㅇ 비추,4
분노의 질주: 더 얼티메이트,믿고보는 시리즈. 하지만 전작들 내용이 잘생각이 안나는... 근데 여기나온 사람들은 어벤져스 보다 피도 안흘리고 죽지도 않고 금강불괴들이네.,8
모가디슈,잘생겼다 스토리짱 이 두단어로 설명가능,10
더 수어사이드 스쿼드,할리퀸만 보이네 할리퀸정도 클라스는 조커아니면 만나기도 힘들듯,8
그린 나이트,신비로운 압도감ㄷㄷ 볼까 말까 했는데 보길 잘한 듯,9
더 수어사이드 스쿼드,개쩌는 캐릭터들이 감각적인 감독을 만났을때,10
블랙 위도우,영화를 보는 내내 심장이 멎을 것 같았다,10
모가디슈,몰입도 최고… 오랜만에 좋은 영화봤어요,10
모가디슈,오랜만에 보는 한국 영화 그리웠다 재미있었다한국에 산다는건 행복한거다,10
비밀의 정원,담담하게 표현했지만 끝나지 않는 드라마,9
모가디슈,정말 너무 재밌었고 감동도 있었습니다..♡,10
모가디슈,배우 연기력 믿고볼만합니다~!!아무생각없이 갔다가 꽤 재밌게보고왔어요 실화라고하는데 실화가 영화급!!돈 아깝지않아요~!!코로나만 아니여도 꽤관객수 많을텐데 아쉽참고로 제가볼땐 만석이였어요~~vip관이라...그래도 만석은 근래 첨봄,10
더 수어사이드 스쿼드,심각하지 않고 고정관념을 깬다,10
정도,없음 아는외국인이나오지 않았으면 봤을까,2
"나는 내일, 어제의 너와 만난다",상대의 처음이 나의 마지막이라니 ㅠㅠ,10
말할 수 없는 비밀,왜.. 아무도 혼자 남은 아빠는 언급 안함..? 나만 좀 슬픈가..,8
더 수어사이드 스쿼드,마고로비 개예뻐요 하 재미써,10
모가디슈,웰메이드. 놓치는거 하나없는 영화...찍으면서 다들 고생많이하셨겠어요. ㅠㅠ관람하고 기운 많이 받고 나섭니다.,10
인턴,너무 따뜻하고 .. 위로되고..힐링되고..정말 너무좋네요.. 여러번 울컥하더라구요 ㅠㅠ ..연기도 최고에요!,10
형,내가 감동적인 영화 좋아하는데.. 이 영화는 너무 뻔하고 오버스럽다,4
정글 크루즈,보기 전엔 시리즈화 했으면 좋겠다 싶었는데 보고 나니 단편으로 끝날 것 같아서 다행이다 싶은 영화. 드웨인존슨과 마동석은 캐릭터 낭비를 그만할 필요가 있다,1
더 수어사이드 스쿼드,재미있다~ 하면서 개졸리고 지루하고 갑자기 흐르는 전개방식.. ㅋㅋ 그냥 저냥 볼만함 ㅋㅋDC와 마블의 차이점이 확 들어남 ㅋㅋ 그래도 1편보다는 나음 ..,4
정도,보다가 헨리인가 싶어서 검색해보니 헐 헨리??. 중국어도 할 줄 알았나?? 언제 쭝궈영화 찍었대 대박ㅋㅋㅋ,8
더 수어사이드 스쿼드,이 영화의 승자는 족제비다,10
마이너리티 리포트,다시 봐도 멋진 영화,10
더 수어사이드 스쿼드,모든 캐릭터들이 특색있고 또 그만큼 비중도 있음특히 피스메이커는 예고편에서 거시기 드립칠때만 해도 존나 별로였는데 후반 가서는 닉값 제대로 하면서 가장 인상적인 캐릭터가 됐고군인은 전편에 비하면 다시 태어난 수준딸가진 명사수 흑인 리더도 훨씬 나아지고같은 괴물인 악어랑 상어는 솔직히 비교도 안 됨국장도 훨씬 표독스러워 지고쥐소녀도 괜찮음알록달록한 친구가 좀 애매하긴 한데 캐릭터가 특색이 없는 건 아님할리퀸은 우리가 기대하는 할리퀸 그 자체,10
콰이어트 플레이스,알바생들 열일하네ㅋㅋ 딱 4점짜리다 평점 맞춰주려고 1점 준다,1
모가디슈,와 사도 이후로 이렇게 재밌는 영화는 처음입니다. 배우 한명한명 다 연기 구멍이 없어서 너무 좋았고 내전이라는 소말리아의 상황이 꼭 남북을 떠올리게 한다. 소말리아에 현재까지도 내전이 진행되고 있다는점이 오늘 내가 본 영화가 허구가 아니라는것을 더욱 와닿게 하였습니다. 어린아이들 조차 웃으며 총을 쏘는 모습이 너무나도 충격적이고 기억에 남는다. 전에 읽었던 책에서 아프리카의 수많은 아이들은 어렸을때부터 마약에 중독되어 살아간다는데 총을 든 아이들이 마치 책에서 묘사된 아이들처럼 꼭 약에 취한듯한 웃음을 보여줘 소름이 끼쳤다. 그리고 마지막에 남북 대사관의 차가 양쪽으로 갈라지는 연출 너무나도 최고였습니다. 부디 이 영화를 안본 사람이 없게 해주세요.,10
더 수어사이드 스쿼드,난잡함 그 자체. 툭툭 끊킴. 영상미는 보통이상. 스토리가 중구난방,6
누구의 딸도 아닌 해원,흔한 홍상수영화인데 여주인공의 연기력이 좀 어색함,5
더 수어사이드 스쿼드,성인용 영화라는 것을 보여주기위해 잔인한 장면들이 꽤 나온다. 뻔하지 않도록 반전에 반전을 더했다. 정와 사회적 분열과 부익부빈익빈이  심각해진  미국의 모습을 비유 및 풍자하는 느낌도 든다. 평화를 지키려는 미국(?)  대표 악당들이 뭉쳐 그들만의 방식대로 정의를(?) 이루는 영화로 일반적인 히어로물에서 탈피하려는 모습이 엿보였다.그리고 역시 할리 퀸이다. 왠지 크루엘라가 생각난다. 유쾌한 할리 퀸의 존재감과 영향력이 큰 영화같다.,9
더 수어사이드 스쿼드,아 정말 전작보고 실망하신분들 이번 영화보면 제대로 눈정화(?)됩니다. 제대로 약빨고 만든 영화였네요^^,10
남매의 여름밤,이 여름과 잘 어울리는 영화였습니다 옥주의 눈물이 가장 기억에 많이 남을 것 같습니다,10
정글 크루즈,개연성이 부족하고 억지 설정. 악역의 조잡한 퇴장. 이중성의 여주. 노잼,2
모가디슈,탈출하는 다큐멘터리 그이상그이하도 아님,2
그린 나이트,육중한 스토리를 적당히 난해하게 풀었다. 신화였지만 인간이었고 영상은 광활했기에 즐기면서 보았습니다.,9
모가디슈,올해 본 영화 중에 젤 재밌었다,10
그린 나이트,신비롭고 아름다운 영화라고 말하고 싶어요,9
인천스텔라,유치해죽것네시간아깝다,2
더 수어사이드 스쿼드,신선한데 신박하지 않아서 좀 아쉽네. 그루트 같은 캐릭터 만드는게 쉽지 않은듯,6
반드시 잡는다,너무 재밌어요!!! 연기 너무 잘하세요 두분!!!,10
오케이 마담,레알 재밋네요.엄정화씨 박성웅 배정남씨 너무 재밋어요,10
사이다처럼 말이 톡톡 솟아올라,청춘의 여름. 17자로 표현하는 하이쿠.수줍은 고백의 시작.너를 좋아하는 마음이사이다처럼 말이 톡톡 솟아올라,10
모가디슈,그냥 남북평화 이런 빨갱이 영화 좌파 대깨문들이 좋아할듯,1
구르믈 버서난 달처럼,재밌는데 누가 백성현 연기 못한다고 해서 봤는데 연기 엄청 잘하던데.. 누가 차승원 치아만 보인다고 해서 봤는데 ㅋㅋㅋㅋ (쫌 인정 ㅋㅋ) 근데 치아에 집중 안돼는데 역시 황정민이다 연기 개 잘해 역시 차승원 멋지네 ㅋㅋㅋㅋ 영화 넘넘 재밌음..ㅜㅜ 누가 옳고 그름이 없고 그냥 저 시대에 산게 죄인거같음 임금이나 서인이나 동인이나 다 똑같음.. 하나같이 자기 실리만 생각하쥬.. 죽어나가는건 백성 ㅎㅎㅎㅎ 하튼 재밌어음.. 평점이 6점대라 기대 안했는데.. 아깝네요 대박 왜 안났쥬?,10
미드나이트,난....이런설정의 영화를보면 이해할수가 없다...철거지역이고 여자들이 다니기무섭고 어두운 골목길이나 외진곳을 왜 꾸역이남아서 험한꼴 당하는지 제발 이사좀 가라 제발쫌....서울이 뭐라고 서울떠나면 죽는것도 아닌데 왜 굳이 미련도 못버리고 험한동네  위험한 동네에 남아서 주차는 더럽게 멀리가서 하고OO이네....영화는 처음부터 끝까지 고구마고 상황상황마다 씨발 욕나오게 만들고 .... 이영화 찍은 감독영화는 진짜 다시안볼꺼임 시간더럽게 아깝네  하....씨발 성격만 더 더러워지고 공짜로 보여줘도 시간아까워서 보기싫을정도임 권오승씨 다시는 영화찍지마세요 배우들 시간뺏지맙시다,1
007 스카이폴,M의 죽음이 어이없지도 과장되지도 않게 묵묵히 잘그림.,10
모가디슈,신파극까지 않는 감정선 스릴 넘치는 탈출,10
더 수어사이드 스쿼드,예??? 알바가 많은걸로....,1
인디펜던스 데이: 리써전스,개같은 짱개들 많이 나와서 걸렀음,2
발신제한,한마디로 굿입니다. 제목이 발신제한이어 걍 전화 발신하다 받아 말아 유괴?사건인가 하다 또 실화?를 바탕으로 또 생각하게 하는..넘 잘봤습니다.,10
모가디슈,곧 출산을 앞둔 임산부예요. 코로나로 고민하다가 용기내 영화관 찾았는데 후회없는 시간이였네요!  오랜만에 집중해서  정말 재밌게 본 영화예요! 약간 졸린 상태로 영화관 가서 걱정했는데 졸 틈도 없이 영화가 끝나 있었네요!! 코로나로 여러가지 제한 적인게 많은 일상생활이지만  얼마만의 영화관을 찾았는지 설레고 영화까지 재밌으니 더욱더  즐거운 시간이였어요.조심조심 하면서 즐겁게 볼수 있는 영화 같아요! 추천합니다,10
분노의 질주: 더 얼티메이트,전작들 욕먹일정도로 개연성도 없고 개노잼,2
광주비디오: 사라진 4시간,좌파들의 선동용 '영화'가 아닌 '쓰레기',1
그린 나이트,큰 기대는 안했는데 새로워서 만족!,9
블랙 위도우,아무리 액션영화라지만 이건뭐... 재미도없고 감동도없고... 스토리좀 잘 짜지 돈 많이들여서 이게뭐람,2
모가디슈,전쟁의 무서움 소년병에 대한 실태 서로다른체제속에 살아가는 남북한의 괴리 소말리아 내전당시의 모습 등을 담아주어서 역사적으로도 뜻깊은 영화가 되었던것같습니다. 또 영화상영내내 스릴감이 넘쳐흘렀던지라 더더욱 영화에 집중하고 보게되었습니다.역사에 관심이 많으시거나 아니면 스릴감넘치는 영화를 좋아하신다면 이 영화를 추천드립니다. ㅎㅎ,9
모가디슈,근래에 가장 돈 아깝지 않은 영화였다.코로나가 아니였으면 천만도 가능했을 것 같다.,10
모가디슈,재밌음 재밌음 추천 추천 추천,10
호텔 뭄바이,몰입력대박 개존잼 추천,10
모가디슈,오랜만에 볼만한 역대급 최고의 한국영화!,10
더 수어사이드 스쿼드,영화보면서 미쳤다는 말을 한 수십번 하면서 본거 같네요그냥 영화가 미쳤어요,8
12 솔져스,꼭 보세요..끝판왕입니다..,10
더 수어사이드 스쿼드,진심으로 평론가들 뇌 열어보고 싶다. 진심 사람일까 싶음.,1
모가디슈,배우진들의 연기와 훌륭한 스토리의 전개로 때로는 긴장감있게 때로는 재밌게 짜임새 있는 영화 잘 보았습니다.,9
모가디슈,오랜만에진짜재밌게 영화봤습니다 많은것이느껴졌습니다,10
아이 필 프리티,귀엽고 사랑스러운 영화.,8
모가디슈,정말 재밌게 봤어요! 두시간 순삭이에요~ 영상미도 뛰어나고 연기력도 다 뛰어났어요,10
블랙 위도우,생각 없이 봤다가 박수치고 나온 영화,10
죄 많은 소녀,여고생에 대한 판타지를 그냥 영화로 만드셨네요...^^ 난데없이 여자애들끼리 키스를 하질 않나 여고생이 남자 선생한테 무슨 허벅지 만져보실래요 이딴 소리를 하질 않나 개사이코같은 장면만 수두룩하네용 연기자들 연기력이 아깝다,1
아카이브,<엑스 마키나> 너무 비슷하다  아카이브 잼나게 감상하셧다면 비교하면서 함 보셔도 좋을듯,6
모가디슈,남편과 오랜만에 영화보러 갔는데..정말 대만족하고 나왔습니다.이야기 구성도 좋고 연기도 좋았습니다^^,10
모가디슈,기대안하고봤는데 재밋엇어요 억지신파없어서 좋앗고 빨리빨리 진행되는 스토리에 지루할 틈이없음 굿,10
체르노빌: 원전 대폭발,남주 무지 잘 생김소련 러시아 영화좀 신선하긴 했음 원폭영화실화바탕 보는 내내 바이러스감염은무섭다는걸 또 느끼게 됨 팬데믹코로나19 모두 경각심 갖고방심 하지말고 이겨냅시다,9
모가디슈,유일한 단점 한가지 먼저 말하자면 조인성이 너무 사기만능캐로 나와서 약간 동화같다고 해야하나 뭔가 현실성이 떨어지는 느낌이 있음. 나머지는 크게 흠잡을게 없는 영화로 많은 사람들이 평점에서 감탄했듯이 후반 카체이싱 장면은 역대 한국영화 중 그냥 압도적으로 최고다.(대신 너무 짧다.). 인물 간 국가간 갈등요소가 끊임없이 다양하게 나와서 후반 하이라이트(카체이싱)까지 긴장의 끈이 팽팽하게 유지되는게 가장 장점이라고 생각함.,9
더 킹: 헨리 5세,2시간짜리 영화임에도 지루하지 않게 연출함,8
모가디슈,류승완  연출 영상미 연기 스토리 모두 만점 드립니다. 정말 고마운 감상 했습니다.,10
가을의 전설,20대때 처음 봤을땐 좀 지루했던것 같고30대때도 영상이 기억에 남았고40대때는 막장인가? 했는데50대가 되어 두 번째 본 오늘 아 100번쯤 볼 수도 있겠다 싶다내 인생 영화이며 브래드 피트 영화 중에서도 최고다!!  이 여운은 쉽게 지워지지 않을듯하다,10
분노의 질주: 더 얼티메이트,이제는 하다하다 우주도 가는구나. .,6
더 수어사이드 스쿼드,댓글 알바 대단하다정말 매니아가 아니라면 . 이건 뭐 관객을 가마니로 보나 이걸 추천하는 기자는 또 뭐니앞뒤 맥락없고 12세이하 유치한 연기와 억지 신파로 인해 스크린을 향해  욕이라도 쏟아붓고 싶었다,2
더 수어사이드 스쿼드,평점을 충분히 보고 감상했는데 좀 느낌이 다르다. 데드풀보다는 킹스맨에 가깝고 수어사이드 스쿼드1보다는 버즈 오브 프레이에 가깝고 가디언즈 오브 갤럭시보다는 토르 라그나로크에 가깝다. 그리고 많은 평점에서 나왔던 것처럼 생각보다 무거운 영화이다. 그래도 제임스 건하면 기대하는 맛깔나는 ost 틈새유머 죽이는 영상미/액션은 다 있다.,8
럭키,ㅋㅋㅋ유쾌한 영화에요.,10
더 수어사이드 스쿼드,진짜 재미없네-- 재미없다 드럽게 재미없다. 도저히 집중할수 없는 영화임 개판 난장판임 나는 그렇게 느낌 평론가는 뭘 도대체 평론하는거냐? 기본적인 영화 완성도를 봐라. 어쭙잖은 지식으로 씨부리는거 왜 이렇게 역겨움 아 그게 평론가라서 그런건가 영화 완성도는 볼줄 모르는구나ㅋㅋㅋ,1
쥬라기 공원,늦게 태어나서 이걸 못 봤다는 것이 한일 정도로 영상 퀄리티가 뛰어났고  스토리가 흥미진진했던 것 같다.,10
블랙 위도우,이제 마블 영화 단물 다 빠진거 같음 ㅋㅋㅋ ㅠ,6
하치 이야기,감명깊고 뜻깊은 영화에요실화를 바탕으로 연기도 너무 잘하셨고 마음 따뜻해지고 안타깝기도 했네요,10
모가디슈,주제가 명확한 이야기,7
피닉스,전쟁이후를 다룬 영화치고 무겁지 않으면서도 여러가지 의미를 담으려한 감독의 의지가 엿보였다. 얼굴을 잃어버린 여인과 한 부부의 삶을 시대상으로 잘 녹여냈다. 묘한 긴장감 끝 마지막 씬이 사실상의 클라이막스,10
내 여자친구를 소개합니다,명우야ㅠ,10
모가디슈,코로나로 영화를 많이 못봐서 큰맘 먹고 보았음.역이 믿고보는 연기자 다수 너무 재밌게 보았음.,10
더 수어사이드 스쿼드,전개가 엄청 빨라서 지루한틈 한번도안줍니다 액션에 액션 ㅋㅋ 거기다 음악도 좋아서 진짜 신나게볼수있는 영화,10
럭키,제 이상형은 유해진씨 같은 매력부자라고 늘 말하고 다니는데 유해진씨의 매력을 알고 영화 내주신 제작사 감독님 감사합니다!!ㅋㅋ 유해진씨 능청스러운 연기에 쓰러집니다 ㅋㅋㅋ,10
모가디슈,오우~  보는내내 시원하고 재밌었음,10
첨밀밀,소정이 젤 불쌍 소군 멍청이 ㅜㅜㅜㅜ 그래도 찐사랑 해서 부럽다 영화의 모든 사람들이 각자의 사랑방식으로 사랑을 하고있다 ㅜㅜ,10
발신제한,기대 이상으로 재미있게 킬링 타임용으로 잘 봤습니다. 용의자 소재에서 살짝 인과관계가 잘 안 느껴지긴 했지만 긴박감을 느끼게 하는 연출미와 연기력이 좋았다고 생각합니다. 코로나만 아니면 극장가에서 꽤 관객들을 끌었을 텐데 아쉽네요.,9
발신제한,제네시스가 이쁘긴한가보네 ㅋ 차광고라 노래를 부르네 ㅋㅋ  그럼뭐 리어카타고 영화찍으리?,8
예스터데이,비틀즈 전기영화는 아니니 알고 보시라. 가리려해도 가려지지않는 명곡들이 잘배열되어있슴. 삭제씬인 something이 아쉬움.,8
특전 유보트,아버지와 약간은 어색한 사이인데 이거 같이 끝까지 보고 아직도 그 허무함에 대해 얘기를 나누며 웃습니다. 영화는 분명 명작입니다.,10
블랙 위도우,불위그동안ㅅㄱㅅㄱ언,9
발신제한,스토리자체는 괜찮은듯 싶으나 왜 폭탄이 설치되어있는 차에 다시 딸을 조수석에 안친것은 현실적으로 이해가 안되는 부분이라 아쉽네요,6
모가디슈,괜괜ㅊㄱㅅㅇ,8
모가디슈,예고편도 안보고 기대도 안하고 봤는데 진짜 재밌음,8
"그 시절, 우리가 좋아했던 소녀",이해할수있는 그 시절~~^^,9
내가 살인범이다,또 봐도 너무 재밌습니다^^,10
세렌디피티,Too much 우연 but 주연배우들의 좋은 연기,8
모가디슈,실화 일줄 이야...재미있어요,10
더 수어사이드 스쿼드,제임스건이 감독하니 가오갤 냄새가 나지만 충분히 만족! 랫캐처는 쥐를 이용해 싸우는 장면에서 플래그테일 느낌,9
얼라이드,인간 아니  사람이 사랑한데부모가 자식을 사랑하는데그 무엇이 있을지요.. 감동.,10
내가 살인범이다,지금 보고있는데 요즘 나온 영화라고해도 될것같음 스토리랑 대사도 그렇고 배우들 연기도 좋음,10
괴물의 아이,역시 만화최강일본...,10
블랙 위도우,기대 이하라는 평을 봐서 맘을 비웠더니 볼 만 했어요ㅎ 액션신은 강렬했고 연기력도 몰입됐네요,8
더 수어사이드 스쿼드,세바스천 진짜 핵귀요미,8
은하철도의 꿈,전쟁 일으키고 자기민족 고생하는건 당연한거 아닌가? 승리했다면 저런 피해도 없고 승리하려  전쟁일으키고 지들 국민들 잘살았으면 이런 피해자코프레스 할일없었겠지 !우리만 억울하게 분단되고 더 화만  돋구는 만화 ?왜 어린이도서관에 이런게 있어서 괜히 대여했네,1
더 수어사이드 스쿼드,돌아이 美친영화..  데드풀 DC판 ㅋㅋㅋ,8
모가디슈,진짜 재밌음 일단 할리우드 생각날정도로 연출 연기 개쩜 진심 한국영화라고 의심하지말고 그시간에 걍 보셈,10
컨저링 3: 악마가 시켰다,전작보다는 다소 아쉬우나... 그래서 시리즈는 순항중~,8
모가디슈,남북의 협력보다는 총을 든 아이들의 순수한 광기가 잊히지 않음....,8
그린 나이트,재밌게 잘봤어요 또 보러 갈겁니다,10
모가디슈,나중에  실화였다는 사실을 알고 더더욱  감동이였슴니다,10
더 수어사이드 스쿼드,중반부터 감독이 바뀐거죠? 건 형님 어디갔어요?,6
모가디슈,뻔하지만 재밌는걸 어떻게 ㅜㅜ 실화인점에도 감동 ...,10
더 수어사이드 스쿼드,할리퀸이 다했다..  난잡하고 유치한데 잔인함,6
랑종,보는내내 역겨웠음 불쾌하게 만들고 굳이 넣지말아도 될것을 자꾸 넣고 영화중간에 나가고싶었음 개불쾌 ㅡㅡ,1
럭키,전혜빈을 보며 배우가 되는게 얼마나 어려운가를 깨닫는다.,7
킬러의 보디가드 2: 킬러의 와이프,걍걍걍그냥잼있다^^,10
더 울프 오브 월 스트리트,월가의 추악함과 인간의 탐욕을 스콜세지의 연출과 디카프리오의 명연기로 담아낸 영화. 마지막 씬에서 수없이 많은 잘못을 저지른 디카프리오의 강연을 듣기 위해 찾아온 청중은 우리의 모습이 아닐까.,10
모가디슈,와 코로나 시작하고 오랜만에 제대로 된 영화본듯.자칫 식상할뻔한 내용으로 전혀 의식 못 하고 끝까지 몰입감 있게 봄,10
모가디슈,화려한 액션이나 스릴 반전보다는 남북통일을 왜 해야 하는지 일깨워주는 가슴 아픈이야기... 우리역사의 비극을 생각하게 해 주네요.,9
미나리,상을 받은 이유가 뭐지?시간이 아깝다.,2
더 수어사이드 스쿼드,유쾌하고 멋진 잔인함. 할리퀸 원툴로 노잼 서사 꾸역꾸역 억지 전개하던 전작과는 달리 각각의 비중을 재미나게 나눠주면서도 할리퀸의 매력은 오히려 전작보다 올라간 듯 하다. dc도 할때는 할 수 있다는 걸 보여준 스타일리쉬한 b급 영화.,9
모가디슈,배우들 연기도 자연스러웠고 보는 제가다 긴박했어요!!,10
모가디슈,진짜 이 영화는 미쳤습니다 꼭 보세요 진짜 구교환 너무 잘생기고 조인성 진짜 너무 잘생겼습니다 꼭 보세요,10
인비저블맨,어그로가 좀 있었으면 더 재밌었겠다. 수트라고 생각하니까 무서움이 덜 했다. 그래도 잘 봤다.,10
모추어리 컬렉션,이런 스타일의 영화들을 좋아해서 그런지 만족했네요 특히 여배우가 이뻐서... ㅋㅋ,8
방황하는 칼날,내용도 가슴아프지만두 남배우의 연기가 ㄴㅓ무좋았어요8년 전 영화인데 왜 이제야 봤나 싶은.. 요즘 청소년범죄가 점점 잔혹해지고그 연령대가 어려지는만큼공감되고 법이 안타까운 영화입니다,10
더 수어사이드 스쿼드,대형 제작사 작품이라는게 믿기지 않을 정도로 너무 3류스러웠어요.. 개연성 재미없는 유머 공감안되는 억지 감성등..,1
아이 씨 유,허술하고 뜬금없다..,4
더 수어사이드 스쿼드,이 연관성없이 불쑥불쑥 튀어나오는 감동스토리는 무엇..,2
제8일의 밤,오랜만에 인생에 대해 깊히 생각하게 하네요  공포영화로 접근하면 안될듯,8
모가디슈,진짜 재밌음 또 보고싶음 추천 할만 함 오랜만에 좋은 영화 나왔네용,10
모가디슈,남북한 문제는 미묘해서 다루기 쉽지않은데... 부드럽게 처리하며 주제를 독자이해의 몫으로 남겨놓았다는느낌을  받았습니다. 간간히삽입된 긴장이나 갈등. 코믹요소도좋았구요. 배우님들의  연기나카메라.음향모두 좋아요,10
더 수어사이드 스쿼드,기대감때문에 그런지 너무 지루함. 몇 몇 영상빼고는 솔직히 볼만한게 없음.,2
분노의 질주: 홉스&쇼,빈 디젤만 없을 뿐 완벽한 분노의 질주! 사모아 40도의 날씨에도 절대 자켓을 벗지 않는 데카드 쇼는 취저ㅋㅋㅋ,10
랑종,상업영화(공포)  를 생각한다면 비추천. 예술성있는 독립영화라면 상위30%7점짜리 영화는 되는듯. 영상미나 오디오 좋음. 실제 현장에 가서 보는듯함. 의미없는 장면은 없지만 정신없는 의도된 연출. 난해할 수 있는 스토리지만 생각할거리는 던져줌. 페미는 여자나오면 그냥 싫어하고 종교인은 신이 소재니까 싫어하고 애견인은 개가 나오니까 그냥 싫어해서 이렇게 평점이 박살난것 같기도?,7
모가디슈,재밌네요 긴장감있구요,10
더 수어사이드 스쿼드,쓸데없이 잔인하고 더러움. 웃기지도 않은 개그코드. 그저 병맛스러울뿐. 스토리도 딱히 별다른 게 없음. 몇몇 대사는 이상함. 뭐라는지 모르겠음.  할리 퀸도 이제 3번째 보니 매력이 반감됨. DC는 진짜 힘든 길을 갈 듯.,1
내 사랑,먹먹해지고 사랑의 묘약은...,10
더 수어사이드 스쿼드,걍 재미없음 영화가 매력이 하나도없음,3
모가디슈,실화라서 그런지처음부터 끝까지 스토리 탄탄하고지루할 틈이 없이 집중력 만점영화!!,10
머신건 프리처,전쟁은 여자와 아이들이 많은 피해를 본다  실화라는것에 대단하네 ,10
네버랜드를 찾아서,프레디 어린시절~~넘나 귀여운것ㅎㅎ 조니뎁 영화 여러편 본 초딩 아들~~못 알아봄. 얼굴이 넘 멀쩡해서ㅎㅎ 감동~~잔잔하지만 빠져들어 봄.,9
더 수어사이드 스쿼드,보다가 잣음 킹스맨 감독 너무 뻔하고 개인적으로 더럽게 재미없음,2
퍼니 게임,최고다 이게 영화다 이감독 꺼 다 봐야지,10
더 수어사이드 스쿼드,전작보다 훨씬 재미있다.마블보다 어쩌고 저쩌고하는데개인적으론 블랙위도우보다 훨씬 재미있드라,10
모가디슈,이 얼마만에 볼 만한 영화인가..,10
방법: 재차의,어색한 연기력 + 구구절절 설명. 오그라드는 부분이 많아 잠이 확 깰 때도 있으나 대체적으로 졸림. 연기는 좀비들이 제일 잘함. 무료표를 받아도 또 볼 생각 없음.,2
모가디슈,조인성 개폼만 엄청 잡고 뚜드려 맞을 줄 알았는데....,8
더 수어사이드 스쿼드,와...이런것도 영화구나 보고 기분이 더러워짐 돈 시간 많으시면 보시길,2
더 수어사이드 스쿼드,정말 유치한데 이런 영화에 돈을 쏟아붓는 미국사람들 신기하네요 더운날 2시간정도 영화관에서 더위 피하시고 싶을때 추천 드려요,2
랑종,중반까지는 지루하긴한데 여주인공이 점점 미쳐가는게 보이는 괴이함이 느껴져서 좋았고 그 이후부터는 공포스러운 분위기가 확 와닿아서 나쁘지 않았습니다. 기대를 하지않고 간거라면 매우 만족했을거같아요,7
이웃사람,마동석 영화중에서 이웃사람이 제일 재미 없어요.,2
더 수어사이드 스쿼드,킹 샤크랑 쥐돌이 넘 귀엽다 ㅎㅎ,8
더 수어사이드 스쿼드,DC는 유명한 몇몇 캐릭터들 말고는 잘 몰라서..족제비 나오고 상어 나오고 허접할거라 생각하고 기대 안하고 봤는데.왠 걸 1편보다 더 재밌게 봤네요^^.한줄평- 할리는 예뻤다?!?!?!?!?!?!,10
모가디슈,김윤석조인성이 너무 투덜대는거빼면 보는내내 스릴잇고 긴장감잇엇음,8
더 수어사이드 스쿼드,DC유니버스중에 그남아 밀덕스러운 영화가 골로 갔어…..타르코프에서 배틀구라운드 된 느낌,4
더 수어사이드 스쿼드,와 정말 다른영화입니다..!일단 연출 센스가 미쳤습니다!! 청불이라서 잔인한 장면도 시원시원하게 보여주고 전반적으로 너무 만족..! 한번 더 보러 가도 될 정도입니당,9
모가디슈,2021 공동경비구역 JSA,8
요가학원:죽음의쿤달리니,쿤.... 달리니?,2
엘리자베스타운,누군가의 대타에서 자신과 추억을 찾아가는 여정,7
실크 로드,두개의 스토리가 재미있게 맞물려 돌아가는 수작,9
더 수어사이드 스쿼드,내가 원한 수스느낌 진짜 다모아놓음...최고야,10
CCTV,2002년걸 잘못 올린거 아니에요? 곽도원 좋아했는데 다시는 안봐,2
더 수어사이드 스쿼드,너무재미있었어요! 최고! 꼭봐야함~ 할리퀸최고,10
모가디슈,진짜 재밌어요 꼭 보세요…….,10
새콤달콤,굿굿! 반전이있어서 핵 사이다 그리고 현실적인 연애,10
모가디슈,가족들과 함께 너무 재밌게 잘 봤습니다????,10
모가디슈,진짜 꼭 극장가서 봐 보셈기다려서 집에서 보려고 하지말고,10
솔저 발터,한국드라마 로드넘버원 도 보시길~전쟁이란  국가를 막론하고 모두가 슬프다 ,10
모가디슈,보는내내 지루하지 않고 재미있았고 감동도 있었어요,10
발신제한,진짜 배우분들 연기가 ㅠ 최고였어요,10
모가디슈,코로나만 아니면 천만관객 갔을 듯 몰입도 높고 보는내내 지루하지 않고 스토리 좋고 인물 캐릭터도 잼있어요!!,10
정글 크루즈,진짜 핵노잼.. 제목은 정글인데 배경은 cg떡칠 나뭇가지뿐이고. 남 통수치기 좋아하는 라도 출신 드웨인존슨 고집불통 페미나치 대깨문 여주랑 저능아 동생까지 캐릭터가 하나도 정이 안감,2
그때 그사람들,수꼴들의 염장을 지르는 역사적 사실에 관한 영화.,9
리플리,책으로도 다시 보고 싶을 정도로 깊이 있는 스토리와 연기! 거짓말이 들통날 것 같은 순간엔 긴장감 최고!!,9
사냥의 시간,배우구경 외에 재미따윈없다,1
정글 크루즈,가족 영화요즘 페미 영화가 참 많은 거 같네요그런 요소를 억지로 가족 영화에 넣은게 참 흠입니다,5
발신제한,ㅜㅜ 내시간돌려즈어..배우들이 아깝다,4
모가디슈,시선의 절제 쿠키영상 없는 깔끔한 마무리가 여운을 더 길게한다.최근에 봤던 개봉 영화 중에서 제일 재미있었던 것 같다,10
블랙 위도우,재밌어요 스칼렛요한슨 연기 잘함,10
극장판 도라에몽: 진구의 신공룡,도라에몽 극장판은 묘한.느낌이항상남,8
모가디슈,재밌다 천만까진아니고 오백만정도,10
블랙 위도우,요한슨 믿고 보긴봤으나 개연성이나 스토리가..음...기대를 좀하고봐선가 스케일 키울려고 노력한티는 나나 재미가 그닥없었네요ㅜㅜ,6
잘리카투,이번달에 본 영화중에 가장 강렬했고 사운드와 영상미가 꼭 극장에서 봐야하는 수준이에요,8
정글 크루즈,무난함 그이상 그이하도 아닌 영화,6
초속5센티미터,추억은 추억으로 남기는 것이 가장 아름답다는 것을 보여준 영화,8
모가디슈,인성이 오빠는 진짜 연기도 잘하구나,10
클래식,넷플릭스에 있길래 다시 봤는데 언제봐도 명작이네요,10
모가디슈,처음엔 살짝 졸린감이 있었는데..갑자기 몰입감 쩔음~감동과 먹먹함이 고루 섞인듯한국인 이라면 꼭 봐야할 영화같음,10
모가디슈,요즘 영화 치고 질질 늘어뜨리지 않아서 좋았습니다,10
극장판 도라에몽: 진구의 신공룡,진구의 성장이 눈부신 정말 멋있고 재밌는 아동 애니의 끝판왕!,10
성난황소,한국판테이큰. 그리고송지효는 ㅈㄴ예쁘다...,10
모가디슈,꿀잼! 즐거운 두시간 관람,10
내가 살인범이다,일본판부터 봤는데오리지널이 진짜 제대로네,10
22년 후의 고백,오리지널 한국판에 10점주고 오는 길이다.각색을 개연성이 더 떨어지게 한점이나너무 정적인거에 각각 1점씩 뺀다,8
모가디슈,꿀잼. 기대 안 하고 보로 갔더니 너무 재밌었어요. Best movie I've seen so far during 2021.,10
프랑켄슈타인,이건  도입부를 꼭 봐야만 한다!!!,10
콰이어트 플레이스 2,이게 영화지. 소리 긴장감으로 몰입도 있게 빠져들게 하는,10
모가디슈,연기고 연출이고 나발이고 그냥 극핵노잼.시간 아까움,2
모가디슈,충분히 좋은 영화. 기본 이상은 합니다. 코로나 아니였으면 800만 이상은 들었을 것 같네요.,8
제인 도,몰입감 최고 근데 스토리 개연성은 아무것도 안하는데 갖고노는 영화,6
스킨,백인우월주의에 대한 이야기라서 많은 공감은 아니지만 그냥 범죄로 보면 되겠다. 문신 함부로 하지 말자.,7
더 수어사이드 스쿼드,킹스맨+데드풀+가오갤,10
더 그레이트 샤크,47제작진이 다시 모였..는지 모르겠을정도로 별로,2
라이더스 오브 저스티스,살다보면 한번쯤은 생각하게 되는 저사람은 왜? 이 일은 왜? 같은  '왜?'에 관한 철학적인 대답.  큰 기대 안했는데 최고였다.,10
보스 베이비,네가 1~~2다봣는데1보단2다근데 2나올줄 몰랏을때는 드림월스 드래곤길드리기하거 무슨 크루즈 이번에 세로나온 영화하고 비슷한정도 2는 드림월스내가생각하기론 1위이다,8
끝까지 간다,진짜 주인공 답답하네.. 근데 재밌다.,9
엽기적인 그녀,내인생 26년 만에 처음으로 평점 쓰게 해준 영화교통사고로 입원중 넷플릭스로 봤는데 그동안 2000년대 한국 영화를 엄청 무시하고 그냥지나쳤는데 정말 마지막엔 울었다.. ㅜ 울리고 웃게하고 정말 인생 명작 영화 그누구보다 예쁘다전지현..,10
더 수어사이드 스쿼드,잼남,10
모가디슈,전형적인 한국형 영화가 아니었다. 뻔한 스토리도 아니었고 내전의 참혹함을 잘 보여준거같다. 굿,8
"힘을 내요, 미스터 리",눈물 평평ㅜ 감동적이예요,10
모가디슈,남북관계에 신파는 뺐지만 전형적인건 어쩔수 없네. 딱 킬링타임용,4
극장판 도라에몽: 진구의 신공룡,가슴이 따듯해집니다노래도 좋아요,10
더 파이브,이상하네요 영화보고 평점봤는데... 이영화는 분류를 하자면 드라마 아닐까요? 억지설정이라고 할수 있는 부분도 있지만 굉장히 심오한 심리를 연기한거같아 9.5점 드립니다 볼만했습니다 마지막 예술작품이 불타는 장면은 정말 굉장했어요 촬영미가 돋 보였습니다 감독님 굿,9
위플래쉬,관용의 힘을 믿던 나는 재즈바 신에서 그 믿음에 균열을 내기 시작했고 마지막 플레쳐가 아닌 앤드류가 지휘를 이어 나갈 때(적어도 내겐 그렇게 보였다) 그것은 보기 좋게 잘려나갔다.,10
더 수어사이드 스쿼드,속이 다 미식거리는 알록달록,3
변신,킬링타임으로도 아쉽다,4
모가디슈,존잼!!한남들 보지도않고테러 하나 보네? ㅎㅎ하긴보러갈 돈이없지~여친이없지~,10
모가디슈,한쪽은 내전 한쪽은 휴전,10
모가디슈,재미 있었고 마지막 엔딩씬 에서는  슬펐습니다.,10
새콤달콤,재밌다 신선하다 ㅋㅋㅋ,8
모가디슈,일부러 눈물짜내려는 부분도 없고 딱 영화에 필요한 부분들로도 감정이 전달되었어요영화다보고 나오면서 남는 여운이 대박..연기와 연출 모두 만족했어요,10
모가디슈,왜 하필 지금일까 왜 하필 문대통령이 남북 화해 분위기를 조성하려는 지금? 나의 생각이 오해라면 먼저 미안하다는 말을 하고싶다. 하지만 영화개봉의 타이밍에 대해서 그리고 영화의 메세지의 대해서 고민하지 않을 수 없었다. 영화 그 자체의 스토리는 굉장히 흥미로웠고 좋았다. 하지만 제발 부탁한다. 이 이야기는 자신들 앞에 닥친 위험을 벗어나기 위한 개인들의 협력에 관한 이야기다. 현재 김정은과의 화친은 불가능하다. 오히려 김정은과 친해지지 말아야 우리가 진정으로 올바른 길로 가고 있다고 말 할 수 있는 것이다. 그것이 북한의 인민들을 살리는 길이다.,2
보스 베이비 2,애기들도 너무 귀엽고..감동과 재미는 물론 중간중간에 나오는 웃음포인트까지 완전 최고!!,10
모가디슈,기대 하나도 안하고 봤는데 너무 재밌었어요!!! 감동과 재미 둘 다 잡은 영화 같아요 누구나 재밌게 볼 수 있을 것 같습니다,10
블러드샷,109분 동안 집중하면서 재밌게 볼 수 있었고 그 109분의 시간이 아깝지 않은 영화.,10
모가디슈,오랫만에 좋은 영화를 본 것 같아여.,10
모가디슈,총쏘다 끝남.조인성 때문에 봤음.끝이 더 감동적이었음 좋을듯허무하게 끝남,6
모가디슈,생각보다 괜찮은 무게감있는 영화였음,10
13일의 금요일,배경이 대충 21세기면 살인방법도 좀 참신했으면 좋았으련만 뻔한 살인마의 클리셰는 다 보여주는 이걸 왜 굳이 리메이크했는진 모르겠음,6
스틸 플라워,독립영화에 관심이 필요한 이유.,10
모가디슈,재밌어요 볼만합니다. 연기자들 보니 기대됐는데 역시 몸값하네요. 추천합니다,10
케빈에 대하여,미화시킬 필요없이 사이코패쓰 이야기인듯.. 심히 해석할 필요도없이 그냥 그렇게 태어난거지.. 우는거 안안아줬다고 다 저렇게 크면 옛날 밭일하고 바닷일하던 분들 자식들은 다 미쳤을듯~ 그렇게 사랑해줬던 아빠까지 죽인 사이코패쓰를 변명해줄 필요도없을 것 같음그냥 사이코패스 낳고 고생하는 엄마 이야기인듯,8
블랙 위도우,너무너무 잼밌어요!! 쿠키하나있습니당,10
모가디슈,큰 기대 없이 봤었는데 자동차 액션신이 재밌었네요,7
세븐,영화의 제작시점을 염두하더라도 명작반열에 오를 스릴러영화.젊을적 명배우들 연기를 보는것으로도 본전뽑는다.스릴러는 덤,8
첨밀밀,37살에 처음으로 이 영화를 봤네요.다른 시점들로 영화를 끝냈어도 각기 여운이 짙을 만큼 재밌게봤네요. 이 결말도 좋구요.서툴고 촌스러웠지만 인생에 한번 뿐인 젊고 찬란한 그 시절들이 생각나서 슬프면서도 즐거웠습니다.,9
더 수어사이드 스쿼드,평점 조절합니다.깨알같은 웃음을 주려 노력 했지만 유치하고 지루한 영화로 기억하렵니다.,1
더 수어사이드 스쿼드,어느 한놈도 도라희가 아닌이가 없다.간만에 잘뽑힌 디씨,7
모가디슈,류승완 감독님 영화 좋아하는데 역시나 류승완 감독님! 최고에요~! 재미있게 잘봤습니다,10
정글 크루즈,가슴을 설레게 하는 모험 영화 영상미 멋져,8
극장판 도라에몽: 진구의 신공룡,일단 진구랑 친구들이 공룡 체험관에 갑니다 거기서 진구는 또 공룡이 아직까지 있다는 헛소리를 하고 비실이와 퉁퉁이와 내기를 합니다 눈알로 땅콩 먹기를 요 그리고 진구는 쿵쾅거리면서 집가에는데 달걀 큰게 있어서 그걸 주워서 도라에몽에게 타임보자기를 빌려서 시간을 돌립니다 그 후 공룡 2마리가 나오는데 큐랑 뮤라고 진짜 너무 귀여워요 큐는 초록색 공룡이고 뮤는 핑크 공룡입니다! 뮤는 활발하고 잘먹고 습득력(?) 이 높다고 해야하나 특출나지만 큐는 진구같습니다 날개가 있지만 날지도 못하고 밥도 잘 못먹습니다 그런 큐를 위해 공룡 박사님께 조언도 있고 잘 행겨줍니다 이런 부분에서 좀 저는 뭉클했어요 큐가 날기 위해서 날기 위한 방법을 누구보다 열정적으로 가르쳐주었습니다 엄마가 방에 무엇가 있나 싶어서 도라에몽의 도구인 크레파스( 빨간색과 흰색의 원를 그리면 둘이 위치가 바뀜) 그래서 지붕이랑 방을 했는데 지붕에 규랑 뮤를보고 사람들은 놀라죠 점점 크는 큐와 뮤가 살던 시대로 보내야한다는걸 처음에는 반대 했지만 결심하고 진구와 친구들은 그 시대로 갑니다!큐와 뮤의 동족을 열심히 찾으러가지만 낭더러지에서 발자국이 멈춥니다 어떤 흰 원숭이가 진구와 친구들을 감시합니다 퉁퉁 비실은 또 흰원숭이를 따라갑니다 흰원숭이는 알고보니 공룡박사였습니다 그곳에는 공룡 박제(?) 그런게 있었고 악당같았죠.. 진구와 친구들은 큐뮤 동족을 찾았지만 운석이 떨어지기 시작하고 진구는 역사를 바꿀라고 합니다 거기서 시간 경찰들이 진구를 막습니다 하지만 그 박사도 알고보니 경찰 진구가 역사를 바꿀지 알수있는 도구를 사용했지만 아니여서 나두기로 합니다 진구는 공룡들을 지키기 위해서 어째저째 (여기는 재미를 위해 노코멘트) 어쨌든 해피 엔딩으로 끝났는데 마지막 그 박사멘트 듣고 진짜 눈물 흘렸어요 영화중간에 피스케가 진구를 구해주는것도 오지고 진짜 여태 코로나 터진 후 영화중 짱입니다 마지막 노래 끝나고 공룡이 곤충이 되는 그런 장면도 의미있고 감동적이였어요 마음이 뭉클에지고 따뜻해지는 영화입니다,10
더 수어사이드 스쿼드,잔인한거 싫어하시면 비추입니다... 전 너무 싫어해서....내용은 다른 리뷰들 참조하시면....,2
그린 나이트,최악..영화보다가  감독  욕하기도 처음,2
모가디슈,이국적인 배경이 신선했다 조인성이 오랜만에 잘 어울리는 역할을 맡은 느낌이었다,8
정글 크루즈,영상미와 스토리 박진감넘치는 액션까지 꼭 봐야할 영화 추천,10
더 수어사이드 스쿼드,확실히 b급영화의 느낌  데드풀 영화와 비슷한 느낌이며 데드풀을 재밌게봤다면 볼만할수도  개인적으로 나에겐 시간이 아까웠다  영화 좋았던 점은 중간중간 나온 개그는 유쾌했고ㅋ 액션촬영 기법이 신선한 것들이 있었던점  그저  아무생각없이 잔인하고 유쾌한 영화 킬링타임으로 보길원하는 사람들에게추천,2
모가디슈,정말오랜만에 웰메이드 영화! 박진감 긴장감 ㅡ,10
모가디슈,정말 오랫만에 영화관에가서  돈 내고 봐도 아깝지 않은 한국영화다  코로나 때문에 객석에  사람이 많지 않을거라 생각햇는데 거리두기 제외하고 꽉 채웟다 다들 같은 생각들인것 같다 실화 라고 하니  더 뭉클 햇다,10
모가디슈,진짜 너무 재밌어요 별 기대 안하고 봤는데 남북 사람들이 같이 지내는것도 감동이고 완전 흥미진진쓰...,10
모가디슈,생각보다 영상미도 뛰어나고 연기들도 장난아니게 좋음ㅋㅋ,9
그린 나이트,a24 영화다웠던ㅎㅎㅎ,10
모가디슈,기대보단 별루였어요평점8점이라고 생각하고 보시면될듯,8
담쟁이,시간을 돌리고 싶다~~,1
모가디슈,정만식 배우님계셔서 그냥 거릅니다.,2
0.0MHz,신부님이 나와야 할 것만 같은데,4
모가디슈,최근에 본 한국영화중에 제일 재밌음. 같이 본 사람은 옆에서 울기도 함.,10
꽃다발 같은 사랑을 했다,여운이 많이 남는 영화배우분들의 연기도 인상적이었습니다,10
담쟁이,정말그지같은 영화가지고 이게 어떻게가족영화냐동성연애영화지 정말짜증지대로네 돈아까워 죽겠네 진짜,2
모가디슈,잼나네요. 간만에~♡,10
라라랜드,평범해 보이는 것들이 영화의 마법을 만나면 가장 특별한 것이 된다.,10
배틀로얄,신파극이 들어가고 눈물이나와야 명작으로 인정하며 원초적인 재미는 못배운것으로 여기는 한국인들에게는 인정하기 버거운영화,9
더 수어사이드 스쿼드,역시 . 할리퀸이 다했다 스토리 영상미모두 굿굿,10
악마는 프라다를 입는다,앤 해서웨이 이쁘고 메릴 스트립의 연기도 좋다. 그래서 각각 1점씩 2점 준다. 평점이 낮은 이유는 개인적으로 술 먹고 취해서 아무하고나 자는 여자를 안좋아하기 때문이다. 그만큼 극중 앤디의 캐릭터에 몰입했기 때문이랄까,2
모가디슈,볼만했어요,8
옥자,짝짓기가 아니라 성폭행,1
히트맨,진심 다들 댓글알반가 평점보고 놀람..너무 억지로 웃음을 끌어내려는 게 뻔해서 오히려 재미없었음 진지할땐 진지하고 웃길땐 웃겼으면 좋았겠지만 그런거 상관없이 무작정 웃음포인트를 억지로 짜내느라 몰입이 깨짐..뇌빼고 보려면 추천,1
제8일의 밤,난잡함이란 이런것...,4
더 수어사이드 스쿼드,와 이게 별이 8이 넘는다고 각자 취향이니 어쩔 수 없지만내 돈 시간이 너무 아까웠다내용의 개연성이 너무 없다. 그냥 스토리는 없다고 보면 되고 웃기려는 대사와 감동주는 대사에서 전혀 감정이입이 안된다. 영상미만 화려하지만 돈내고 볼 영화는 아니다. 분명히 경고했다,2
모가디슈,신파없고 지루함없이 잘표현해냄.억지없음,10
디바,감독이 편집 다시 배워야 할듯 뭐가 실제고 환각인지 모르게 하면 어쩌자는거임? 남자코치와 매니지먼트 사장은 죽은거야 산거야?ㅡㅅㅡ^,2
모가디슈,진짜 아무생각없이  남는시간에 남는  영화가 그시간밖에없어서 봤는데 오  몇년만에  진짜 괜찮은 영화  와우ㅋ진짜 후기 안쓰지만  남겨요 추천영화ㅋ,10
더 수어사이드 스쿼드,시끄럽다22221292222,1
빽 투 더 퓨쳐,우연히 채널돌리다가 12편 다고고 3편 지긍 시작너무 재밌고 진짜 지금봐도 탄탄한 이야기,10
모가디슈,코로나 시국에 개봉만 안했어도 1천만 관객 충분했을듯,10
모가디슈,또 빨갱이영화라고 하면 좀 글치? 이시국에 또또..북한 남한이 나뉜이유가 다른나라때문이라는 메세지를 전하려고 했던건가? 우리의 주적은 북한이고 최근 간첩활동했던 종북세력이 잡혀들어갔는데 거기에 대한 반문 영화인가? 무튼 빨갱이영화니 좌파들만 보시길.. 선동영화 지겹다,1
모가디슈,아..너무재미있는데요ㅠ,10
모가디슈,코로나만 아니였으면 진짜 대박났을듯..,10
모가디슈,오랜만에 영화같은 영화를 봄.,8
블랙 호크 다운,모가디슈 보고 보고싶어서 봄. 20년 전인데 미친 연출력. 집요함이 느껴질 정도. 톰 하디 올랜도블룸 등 이제는 유명해진 배우들의 풋풋한 조연 모습도 재밌다. 미국 영웅 감성은 지금도 이해하기 어렵다. 그게 미국의 멋이지만 그래도 산 사람은 살아야 하지 않을까. ㅋ,9
더 수어사이드 스쿼드,쥐들의 반란 계속되리라..,10
이터널 선샤인,추억의 낙태를 경험하는 기분이 들었다,10
유전,의식 기이한 영화 하면 아리에스터 감독,8
모가디슈,기대 안하고 봤는데 꿀잼!!,10
모가디슈,이 영화 진짜 미쳤음 겁나 생생함,10
기생충,치부를 들어내는 약자에 대한 배려가 없는,6
암살,몇번을 봐도 흥미롭고 새로운영화. 시대적배경을 알고보면 더 뭉클하고 북받치는영화. 연기스토리연출 삼박자 부족함없이 모두 완벽하게 갖췄고 실제이야기와 픽션이 흥미진진하게 가미되었는데 보는내내 지루할 틈이 없네요. 한국역사를 주제로 다룬 영화중에 단연최고라 말할수 있다. 국가를 위해 희생하신 독립운동가분들이 있었기에 지금 우리가 맘껏 누리며 지낼수있다는걸 잊지않겠습니다. 마지막 명대사는 잊을수가 없네요‘16년전 임무 염석진이 밀정이라면 죽여라. 지금 수행합니다’ 아쉽게 끝날수 있는이야기를 한문장으로 완벽하게 장식함..,10
그린 나이트,간만에 푹잤어요제가 아는 아더왕 스토리가 아니네요난해해요..,1
빽 투 더 퓨쳐,저런 상상을 할 수 있었다니ㅎㅎ 상상력은 점점 현실이 되네요ㅎㅎ,10
더 수어사이드 스쿼드,어렸을때 우뢰매가 생각난 영화,2
정글 크루즈,드웨인 존슨 때문에 설레요 너무 .. 유치는 한데 보는 내내 웃고 모험한 기분이였어요,10
모가디슈,사운드와 연기 연출력 모두 매력적인 영화,10
그린 나이트,지나친 함의로 제작비를 날린 b급 망작,4
모가디슈,왜 1점을 줬을까~,1
마인드스케이프,때로는 알면서도 속게 되는 일들이 있다.,7
모가디슈,소재도 좋았고 연출도 좋았습니다.,8
모가디슈,믿고 보는 감독이 되셨네요!!,10
미첼 가족과 기계 전쟁,주인공이 만든 필터들과 영상들이 다 웃겼고 감독이 전하는 매시지도 훌륭했습니다.,10
콰이어트 플레이스,이해안가는 답답한 내용은 있지만 영화니까 이해하고보면 생각보다 재밌었음,9
모가디슈,재밌었음ㅋㅋ가족들끼리 가서 보기 좋은 영화,10
킬러의 보디가드 2: 킬러의 와이프,재미있음 쓰리는 언제 나오나여,10
죠스,배 안에 펼쳐지는 완벽한 서스펜스. 스티븐 스필버그는 제 2의 히치콕임이 틀림없다. 퀘튼 선장은 약간 발암이네. 처음에는 최신 도구를 요즘 젊은이들은 너무 편하게 산다고 무시하더니 자기 낡은 배가 침몰하니 이제서야 최신 도구 사용하네,10
오만과 편견,몇번을 봐도 질리지 않는 최고의 작품이죠,10
8년을 뛰어넘은 신부,거짓말같은 기적. 거짓말같은 사랑. 미안하게도 나에게는 일본구경 경치구경이 절반이었다.,6
모가디슈,씁쓸했음...그렇게 죽기살기로 열심히 탈출했는데결국 끝은 각자갈길...,10
더 수어사이드 스쿼드,시간많으면 보세요ㅋㅋ,1
김씨 표류기,재개봉 가자,10
분노의 질주: 더 얼티메이트,진짜 최악이다 분노의질주맞음? 뭘본거지ㄱㅋㅋㅋ,1
아이리스 - 극장판,hp odh.,7
더 수어사이드 스쿼드,와 쓰레기 영화다. 올해 본 최악의 영화네요. 아무런 내용도 없고 무슨 내용인지도 모르겟고 개연성도 없고 캐릭터 별 특징도 없고. 보다가 정신병 걸리는 것 같았어요. 이게 제작비 많이 들었을 것 같은데. 와  이걸 돈 주고 찍었다는게 이해가 안가네..,1
더 수어사이드 스쿼드,병맛 액션의 진수~ 시작부터 끝까지 달린다. 시나리오따위는 기대하지마라  걍 시원시원하게 터져나간다,8
모가디슈,스토리도 잘 짜여있고 연기도 다들 최상급이었습니다ㆍ 리얼한 장면이 우리나라 영화수준이 대단하구나 느꼈네요ㆍ다만 조인성이 담배를 너무 자주 피워 건강이 걱정되었네요 ㅎㅎㅎ,10
모가디슈,오랜만에 좋은 영화봤네요역시  믿고보는 조인성,10
발신제한,스토리 전개가 정말 답답함,4
블랙 위도우,와우~~~~폭염을 날려줄 시원시원한 액션~~,10
모가디슈,한국 영화 오랜만에 볼 만 했어요!,10
스타워즈: 에피소드 1 -  보이지 않는 위험,시네21 김도훈 이용철을 주깁시다,10
모가디슈,민주주의는 영원하고 위대하다,10
모가디슈,재밌었어용! ^^ 오랜만에 나가서 볼만한 영화!-!,10
더 수어사이드 스쿼드,마블이 dc에게 보낸 두번째 자객,4
모가디슈,기대만큼은 아니지만 볼만은 해요너무 큰 기대는 하지 말고 보셨으면 합니다,7
모가디슈,보다보니 어째될지 뻔히 보여서 아 뭐야 ? 하고 잇는데 1시간 반 지나있더라ㅎ코로나임에도 불구하고 잼있는 영화 고마워요,10
극장판 도라에몽: 진구의 신공룡,정말 감동적인 장면 많고 우스운 장면도 많아용! 추천합니다! 꼭보세요!!!,10
응징자,양동근님 너무 귀엽던데전 재밌게 봤어요 악마를 보았다 느낌,10
기억의 밤,오 한국판 스릴러 볼만했어요.,10
모가디슈,명배우 + 영상미 + 스토리구성 진짜 완벽했다,10
모가디슈,요즘 나라가 왜이러는지북한을 미화된 영상으로 북한과 통일하려는 식의 목적을 가진 영화는 원치 않습니다우리와 다른 사상을 가진 민족과 통일을 부추기다니 쓰레기 영화,1
모가디슈,연기부터 스토리 너무나도 재밋습니다,10
지구가 멈추는 날,초반에는 재밌었다. 한번쯤 보기 괜찮은 것 같다.,10
더 수어사이드 스쿼드,오글거리는 상황연출이나 미국식 찐따 특유의 억지 웃음 유발이 심했음. 영상미 참신하다는 소리 듣고싶었는지 뜬금없고 쓸데없는 영상 연출도 가끔 있었음. 다만 액션은 훌륭. 좀 지루하긴한데 걍 시간 떼우기에 볼만함,5
모가디슈,돈값하는 영화 개잼임 강추,10
모가디슈,극장가서 보지말고 나중에 ott 로 보세요. 이영화의 가장 큰 문제는 탈출을 너무나 쉽게 해서 긴장감이 떨어지고 텐션 유지가 안됨,4
모가디슈,심장 벌렁벌렁ㅎㅏ면서 봄,10
공각기동대 : 고스트 인 더 쉘,최고의 영화.압도적이다.,10
더 이퀄라이저,클로이 모레츠 때문에 봤는데. 분량이 ㅜㅜ영화가 주는 교훈 '기회를 줄때잘하자 ' ㅋ,7
더 수어사이드 스쿼드,올해 개봉작중에 가장 기억에 남는 영화에요잔인한 액션신인 것만 뺀다면 누구나 좋아할 가오갤같은 영화에요,10
나는 살을 빼기로 결심했다,미래의 어떤 '완성형'의 모습(그련 게 존재하는지도 모르겠지만)이 아닌 그냥 지금 그대로의 세 사람이 서로에게 손을 흔들며 웃어주는 결말에 별 다섯개. 적게 먹고 많이 운동하든 많이 먹고 적게 운동하든 타인의 자유를 짓밟고 정체성까지 본인들 입맛에 맞춰 평가질하는 자들은 부끄러운 줄 아셔라. 남한테 배놔라 감놔라 하지 말고 니 인생이나 잘 살자!,10
극장판 도라에몽: 진구의 신공룡,재밌어요!!^^ 감동,10
정글 크루즈,그냥 유치한 정글버전 캐리비안의 해적,1
정글 크루즈,진짜 재밌게 본 영화인거 같아요~기대 안하고 봤는데 넘나 재밌습니다 ㅎㅎ,10
무뢰한,오래 기억에 남을것같은 영화~,10
모가디슈,아 진짜 최고 개재밌어요... 친구들이랑도 보고 남친이랑도 또 보러 갈거임 ㅎㅎ 배우들 연기 짱....,10
더 수어사이드 스쿼드,망해서 쓰레기통에 처 박힌걸 제임스건이 멱살잡고 끌어 올렸네 ㅋㅋ피칠갑 코미디,10
모가디슈,2시간이  어떻게  가는지  모를정도로 너무  재밌었어요. 영화보는  내내  쫄깃함이  살아있고  역시  류승완감독이에요,10
모가디슈,코로나 때문에 정말 오랜만에 영화관 갓는데.. 후회없는 선택.... 깔끔 담백...,9
예스터데이,영화로만 보면 그냥 별거아닌 비틀즈 노래덕분,4
모가디슈,너무 재밌다 여운이 남는 영화,10
심연,황당무개.. 어린이용 SF영화,2
파운더,성공한 사업가를 볼줄 알았는데 ㄱㅅ를 보았네,9
분노의 질주: 더 얼티메이트,홉스 앤 쇼 이후 오리지널들이 돌아오고 한도 돌아왔지만재미는 돌아오지 않은것 같다. 액션 자체의 스케일은 엄청나지만이야기도 빈약하고 구멍이 많다. 머리를 비우고 액션만 본다면 볼만 하겠지만 분노의 질주의 오리지날 팬들은 더 세븐 이후로 많이 실망할것 같다.,7
명탐정 코난: 베이커가의 망령,말이 필요없이 존잼 이건 안보면 손해,10
모가디슈,한국영화가 매번 이렇게만 나오면 너무 좋을텐데,10
모가디슈,방금 보고 나왔습니다.. 정말 오랜만에 웰메이드 영화 봤네요ㅠㅠ 대체 어떻게 촬영한걸까 궁금하기도 하고 가슴아픈 현실을 잘 보여줘서 좋았어요ㅠㅠㅠㅠ,10
모가디슈,뭔데.... 간만에 볼만한 영화나온듯..아무생각없이 영화관 갔다가 뜻밖의 횡재함,10
어른들은 몰라요,와씨...하니닮았다고 생각했는데 하니였어ㅠㅠ 소름소름!!  박화영에서 세진이는 어떻게 된건지 계속 마음에 남았는데...그나마 인간적인 사람들 만났구나 싶어 안도했다ㅠㅠ...,7
크루엘라,엠마스톤 흑백 넘멋져요 꼭보세요 강추영화,10
미드나이트,연출은 좋은데답답해요,1
핸콕,기존 히어로와는 전혀 다른 히어로물.,6
모가디슈,스토리도 좋구 마지막 감정도 잔잔하게 올라오네요. 오랫만에 갠찮은 영화인듯,10
방법: 재차의,색다른 수사영화. 액션과 그전엔 보지못햇던 연출들을 볼수 있어서 재미있었습니다.,9
기담,몰입감 괜찮고 공포도 수준급..  다시 볼 필요는 없.,8
모가디슈,그냥 뭔가 심심한 영화임 긴장감도 없고..,2
지오스톰,좀 더 지오스톰에 의한 지구의 재난을 보여줬으면 좋았을텐데 오히려 우주정거장의 재난이 더 중점이어서 아쉬웠음,6
모가디슈,오랜만에보는 한국영화 수작!!!,9
죠스,어릴 때 보고 상어 트라우마 걸림.,6
모가디슈,코로나 사태이후 영화관에서 본영화중 유일하게 돈이 아깝지 않았다,10
모가디슈,정말 잼있는 영화아이들이랑 같이봐도 좋을거같아요,10
모가디슈,보는 맛이 쫄깃 결말은 그냥 최선의 결말인듯,9
"2021 스웨그 에이지 : 외쳐, 조선!",지금 문재인정부를 보는 것 같아서 공감이 가요. 서민들을 위한척 하면서 서민을 더 힘들게 만드는..,6
엉클 분미,영화가 보여줄 수 있는 최고의 경지.,10
모가디슈,너무 잘 봤어요 코로나 아니면 천만은 됐을 영화조인성씨 연기가 좋았어요,10
모가디슈,재밌네요  잘봤습니다.허준호님 카리스마 짱!,10
노바디 ,나만 당할 수 없다. 너희들도 평점사기 좀 당해라~ 이런 영화네요. 네이버 평점은 멍멍이 사기라는 걸 명심하세요.,1
블랙핑크 더 무비,블랙핑크 당신들은 최고의 가수입니다,10
더 수어사이드 스쿼드,전편과 비교해서도 떨어지고 최악의 블랙위도우랑 비슷할듯...캐릭터 각각이 이렇게 매력이 떨어질줄...실망,3
모가디슈,남북의 관계를 덤덤하게 그려낸 영화저런 상황에서 서로 오해없이 의사소통할 수 있는 유일한 이웃나라라는 사실을 알게 해 주는 영화역시... 밥의 민족!,10
원티드,평범함이 비범함을 찾아서,10
로건,ㅠㅠㅠㅠ넘 슬프다..,10
말모이,우리말 지켜주셔서 감사합니다.,10
낙원의 밤,다 별로라고해서 기대없이 봤는데 잔인해서 그렇지 나름 괜찮게 봤어요,10
모가디슈,정말 잘만든 한국영화 재앙이 눈치보고 어거지 민족감성 강요해서 높은점수는 못주겠다,6
생일,누가 100% 허구인 영화라고 믿을까. 영화가 아니라 현실이다. 얼마나 아픈 시간들을 살아내고 있을까. 이런 저런 말들을 떠나 진심으로 위로와 응원을 보냅니다.,10
나는 나대로 혼자서 간다,대한민국 중국 영화랑 비슷한 부분이 많네요 감정 자극,7
더 수어사이드 스쿼드,별 기대하지 않았는데 의외로 괜찮은 작품. 어디서 본듯한 장면이 중첩되지만 이만하면 훌륭함!,10
모가디슈,개인적으로 김윤석 배우님 이런 배역 연기가 좋았습니다.카리스마 있고 너무 무거운 역할은 너무 무서워서 이런 이미지의 배역을 많이 해주셨으면 좋겠습니다.그리고 조인성 배우님 너무 좋았어요 ㅋㅋㅋ 손올릴때마다 ㅋㅋ 마지막으로 허준호 배우님 제 원픽 배우님인데 드라마 영화 많은곳에서 작품하셨으면 좋겠습니다.그 외 모든 배우님들 연기가 기깔나고요 모가디슈 흥하기를 기원합니다~~,10
블랙 위도우,스칼렛 요한슨이 다함,10
모가디슈,마지막에 서로 갈라져서 귀국하는 장면이 인상 깊었네요. 김윤석 허준호 연기력은 말할 필요도 없고요. 외국인 연기도 안 어색해서 좋습니다.,10
더 수어사이드 스쿼드,화려한 액션 독보적인 할리퀸 캐릭터,10
모가디슈,조금 지루햇음  연기력만 좋앗어요,6
모가디슈,영화 두시간중에 한시간 반을 총을 쏴서 귀가 좀 아팟지만 마지막에 좀 뭉클하긴 하네요 시사하는 바도 있는 것 같고 .. ㅠ 볼만해요 다들 연기 잘하심,9
더 파더,"""내인생에 잎사귀가 지는것같아""왜이렇게  안타깝고 슬픈지..",10
위대한 개츠비,뭔가 대단한게 나올줄알았는데 소문난 잔치에 먹을게없던 영화같은느낌 . 약간에 뮤지컬같은 연출같기도하고 여성분들은 충분히 감성있게볼수도있겠다 뭐대단한 스토리는 없는듯..데이지 여주는 더디그에서 나이든여자 연기도하고 여기선 이쁜역할도 하고 연기변신 잘하는듯.,5
모가디슈,오랜만에 만나는 한국영화의 수작.김윤석 허준호의 연기력이 전반적인 영화의 흐름을 이끌어감에 따라 조인성의 약간은 어색한 연기가 적절히 뭍혀갈 수 있음.조인성이 외모로 승부수를 띄우지 않고 베테랑들 사이에서 나름 감초역할 잘 한것 같음.마지막 장면은 감동도 주면서 현재의 상황을 비추어 여러가지를 곱씹어보게 하는 부분임.,9
모가디슈,심플하지만 지루하지않은 스토리라인 흥미진진한 연출 배우들의 일품연기까지 완성도 높은 영화. 아주 재밌게 봤습니다.,10
미드소마,색감은 좋음. 이케아같아 고어물 까지는 아니고 걍 미친영화임,8
명량,볼때마다 국뽕이차오름  눈물샘 자극하는 곳도있고 한번쯤은 꼭 봐야만하는 영화. 충무공 존경합니다,10
명량,볼때마다 뽕이차오름  눈물샘 자극하는 곳도있고 한번쯤은 꼭 봐야만하는 영화. 충무공 존경합니다,10
모가디슈,땀 그리고 총 feat. 담배,8
나잇 & 데이,톰크루즈와 디아즈가 나오는 영화를 고르는 이유,7
싱글라이더,힘없는 인생의 답없는 물음을 던지다,10
모가디슈,신파없어서 넘 좋았어요,10
모가디슈,정만식 배우님 덕에 좋은 영화 봤습니다!! 실화여서 내용을 다 알고 봤는데도 긴장감 있게 봤어요!,10
제8일의 밤,저는 재미있게봤는대 영화가 나쁘지않아요 평점 1점분들 이해가 안되네욤?,8
인 더 하우스,서로가 서로를 매혹하는 그물에 나도 사로잡히다.,10
분노의 질주: 더 얼티메이트,갈수록 개연성이 너무 떨어짐,6
더 수어사이드 스쿼드,제임스 건 감독이 마블에서는 하지 못하던 것을 디씨에서 마음껏 펼친 영화. 중간에 조금 지루한 것 빼고는 좋았다!,8
모가디슈,원래 다른 영화 보기로 했던 날이었는데 결과적으로 정만식 배우님 보고 선택하게 된 영화에요! 같이 봤던 친구도 이런류의 영화는 잘 안보는데 너무 재밌게 봤다고 잘 고른것 같다고 말해주네요! 최근 보는 한국영화마다 과하게 우겨넣어 보기 싫어지는 신파가 없었던 것도 좋았고 배우분들 연기는 말할 것도 없이 너무좋았어요 !,10
더 수어사이드 스쿼드,하..진짜 평점에속았다 재미도없고.. 역겨워ㅠㅠㅠㅜ,1
더 수어사이드 스쿼드,1편보다 낫다. 하지만 악당인 주인공들은 너무 착하고 빌런은 너무 약하다. 여전히 매력적인 할리 퀸과 각자의 개성을 어필하는 새로운 인물들이 눈에 띈다.,8
모가디슈,별로 나오는 배우도 별로,2
비열한 거리,조인성 연기력 대단하고 스토리 구성 좋음. 조폭 다룬 영화중에 가장 탄탄한 영화가 아닌가 싶다.,10
극장판 도라에몽: 진구의 신공룡,도라에몽 시리즈중 최고 작품이네요.피스케 나왔을때 진짜 감동이었어요,10
모가디슈,뻔한 스토리와 또 북한과의 우정 ㅋㅋㅋ 북한은 우릴 적으로 생각하는데 ㅋㅋ 맨날 북한 홍보만함. 억지 동포애 포장,1
모가디슈,왜 8점이지 다 완벽했다 보는데,10
더 수어사이드 스쿼드,히어로 영화의 스토리를 기대하는건 말이 않되고 캐릭터 하나하나의 개성이 돌았습니다. 그리고 보는 맛도 좋아요.,10
모가디슈,넘재밌게 보았고 감동적이었어요,10
미씽: 사라진 여자,진짜 너무 너무 슬펐음.. 본 영화 중에 제일 슬펐음 ㅜ,10
모가디슈,와~ 진짜재미있었습니다^^,10
불꽃 슛 통키,인생작입니다....,10
그린 나이트,명예 기사를 위해 나아가는 가웨인! 분위기가 주는 압도적 경험이 대체로 몽환적인 영화,10
모가디슈,내가 원하는 결말은 아니라서 좀 아쉬웠지만 킬링타임용으로 볼만하다. 엔딩신은 너무 현실적으로 다가와서 씁쓸했다.,8
시동,진짜 갠적으론 재밌게 봤었음 왜 개봉당시 평점이 박살났는지는 의문...,9
쥬만지: 넥스트 레벨,재밌게 했던 정든 게임 속 캐릭터를 오랜만에 다시 플레이 하는 느낌,7
모가디슈,몰입도 짱몰입이 잠깐 깨지는 순간은- 와 저 촬영 세트/엑스트라 다 어떻게 햇지? 헐리우드 급이네 이런 생각 잠시 하는 모먼트 뿐,10
모가디슈,시간 가는줄 모르고 잼있게 봤어요.,10
모가디슈,작년에 개봉. 안하고 올해에 한것이 신의 한수였던 영화.딸과 함께 정말 재밌게 봤습니다. 최고의 배우들과 최고의 감독 제작진들의 시너지가 엄청나네요. 단언컨데 올해 최고의 영화일듯 합니다.,10
모가디슈,영화 보는 내내 언제 재밌어지나 하고 봄. 이게 액션영화라고?.. 지금 평점은 너무 높은듯,1
서복,대사가 너무 별로여서 보는 내내 답답했다 같은 스토리라도 인물들을 평면적으로 만들어놔서 대사도 깊이가 없었고 진부했다,4
CCTV,소름진짜 시간낭비..이런거 왜 찍는거냐..한국영화의 끝이 보이는구나.,2
더 수어사이드 스쿼드,유쾌 상쾌 통쾌한 영화 였습니다.,10
더 수어사이드 스쿼드,진짜 맥락없고 감동도 없는...차라리 모가디슈를 보세요..,2
1번가의 기적,1시간까지 토마토 상자 들 때까지는 재밌었다. 토마토 상자 들 때 배꼽 빠지게 웃고.그후 나머지 토마토를 던지는 순간부터 쭉 끝까지 신파로 간다 하아,6
더 수어사이드 스쿼드,완전히 취향 저격 당함 읔,8
디파티드,넷플릭스가 소환한 명작!! 근데 멧데이먼 약혼녀가 제일 비참해 보이네요 ㅋㅋㅋ,8
모가디슈,정만식 배우님때문에 보러갔는데 넘 재밌었네요 ㅋㅋㅋㅋ 생각보다 찡한부분도 잇고 카레이싱 장면도 박진감 넘치고 좋았습니저 추천!!,10
알 포인트,한국 공포영화 최고의 걸작중 하나 폐쇄적인 공간에서 전쟁이란 소재를 정말 잘 사용한 사운드 그리고 미장센이 미치도록 무서웠던작품시나리오가 정말 탄탄하고 감우성의 연기가 정말 좋았던,10
예수는 역사다,신천지도 이거보고 감동받고 그러는데 왜 신천지를 싫어하나요?? 하느님은 모두를 사랑합니다 알겠냐 기독교들아??ㅋㅋ영화는 그래도 참고볼만했으나 마지막 15분은 좀 역겹네요,2
러브 앤 몬스터스,빨간드레스 입고 여친정도의 실력이면 할리퀸하면 되겠네,1
콰이어트 플레이스 2,암유발 딸에 저런시국에도 짝짖기를 하려는 주인공들에게 박수를,4
죠스, EBS 시청하고 계신 분,10
모가디슈,정만식땜시 안보기로함..,1
오블리비언,49번 잭하퍼는 인류와 지구를 살리고 죽었고 52번 잭하퍼는 가족을 만났는데 그렇다면 그외 수천명의 잭하퍼는 어떻게 살아야하지??  이런 명작을 개봉하고 8년만에 우연히 알게되다니 ... 세상은 넓고 시간도 많고 할 일도 많고 볼 영화도 많다! 좀 더 분발하고 부지런해야겠다,10
모가디슈,류승완 감독의 감각적인 연출이 돋보였다. 최근 한국영화중 가장 잘 만들어진 영화같다. 내전이라는 무거운 주제를 점점 무게를 잡아가며 보여주는것이 정말 좋았고 반군과 정부군 이 두 세력중 누구도 작하게 그려내지 않고 두 세력 모두 응원하지 못하게 분배를 잘한거 같다. 굳이 시간 내서 보더라도 그 시간이 아깝지 않고 충분히 그럴 가치가 있는 영화다.,8
콩: 스컬 아일랜드,잼잇음 강추 킹콩 영화중에 탑인듯,10
언브로큰,졸리가 이렇게 영화를 잘 만들줄이야.,8
모가디슈,조인성 100점 만점에 120점,10
블랙핑크 더 무비,ㅎㅎ,10
랑종,저는 재밌게 봤습니다. 불필요한 잔인한 장면들이 있었지만 여자주인공 연기가 대박..,10
모가디슈,왜이렇게 재밌어요ㅠㅠㅠ 감동도 있고 재미도 있고 또 보고 싶어요,10
크루엘라,기대 안하고 봤는데 너무 재밌었다 특히 드레스 하나가 엄청 충격적이였음..,10
미션 파서블,너무 허접하네요 ㅜㅜㅡ,6
겨울왕국 2,혼자 보면서  감동해서 울었어요내용이 가슴을 울리는 느낌이랄까엘사가 살면서 힘든점들이 많았는데 모든것이 다 이유가 있었구나 싶더라고요 그리고 뜻은 혼자 이루는게 아니고 모두의 조화 합이 중요하구나 싶고요,10
더 수어사이드 스쿼드,캐릭터들이 개성있어 볼만함 이야기도 뻔하지만 암유발은 안하니 괜찬고 킹샤크개그도 웃기고 여전히 할리퀸은 하드캐리고 유쾌하고 잔인하고 유치하지만 볼만한 병맛코드 개인적으론 좀더 스피디했음 더좋았을걸 생각,8
모가디슈,신파없이 깔끔했다 뒷부분 액션신이 강추ㅜ,10
모가디슈,분명 드라마인데 공포영화를 보듯 심장이 쫄깃해짐. 영화 내용도 배우들 연기도 모두 훌륭합니다.,10
더 수어사이드 스쿼드,영상미가 굉장히 훌륭함액션 영화로선 굉장히 만족,9
모가디슈,김윤석 조인성 영화는 믿고 본다,10
모가디슈,어디 살던 사람은 다 똑같다는 생각을 하게 만든 영화!,10
파울볼,그립습니다 김성근감독님,10
굿 나잇,꿈 현실 사랑 죽음에 대한 생각과 공감을 힘들이지 않고 끌어내는 힘,9
제8일의 밤,공포는 덜하지만 너무재밌는데 올만에 재밋었네요,10
슈퍼맨이었던 사나이,감동도 재미도 아쉬워요,7
더 울프 오브 월 스트리트,난잡하고 더럽고 야하고 개 쓰레기같은 영화. 이런걸 영화라고 만든 새끼의 뇌구조가 궁금하네,1
발신제한,뻔한스토리와 클리세 뻔하지 않은 조우진의 독무대,7
더 수어사이드 스쿼드,코믹 요소도 많이 들어가고 1편이 워낙 졸작이라 노기대로 봐서 그런지 재미있었다,10
랑종,개무셥다  보는내내 불쾌함과 찝찝함 후반부에 휘몰아치는 공포,10
현기증,故김영애 배우님의 연기가 매우 돋보인 작품이다.영화 자체가 흡입력이 있으며 인간의 내면 묘사를 너무 잘한 작품이라고 생각한다. 비극의 끝판왕이라 영화가 나온지 몇년이 지난 지금 봐도 좀 충격이었다.  에너지가 있을 때 보는 것을 추천하고 영화를 보고난 후 영화의 제목인 '현기증' 과 함께 내용을 다시 되뇌어 보는 것을 추천한다.,8
모가디슈,영화 정말 잘 만들었습니다.영화 보는 내내 흥미진진하고… 영화 진짜 잘 만들었다는 생각만 했습니다.  연출 대박…,10
모가디슈,걍 존잼안 보면 후회한다~(ㅇㅅㅇ),10
블랙 위도우,여윽시 마블은 마블이다,10
히트맨,난 이런류 의 코미디 액션이 좋다 상우형 짱!,10
모가디슈,정만식 배우님 덕에 관심가지게 된 영화예요북한과 함께 사지를 헤쳐나왔으면서도 함께하지 못하는 현실이 가슴아팠습니다연기 고증 뭐하나 빠지는 것없이 잘 봤어요ㅠㅠ,10
은혼 더 파이널,어릴 때부터 좋아하던 만화인데 진짜 끝이라니 소라치 더 연재해줘.... ㅠㅠㅠ 카구라랑 카무이 사다하루 귀여웠다,10
더 수어사이드 스쿼드,전작과는 비교자체가 실례인 것 같다. 캐릭터들도 매력적이고 dc 영화 중 제일 신나게 본 것 같음,10
모가디슈,믿고 보는 배우들이 총 출동해서 몰입해서 영화를 봤습니다. 또 다시 이런 상황이 벌어지면 안되지만정말 가슴 아픈 일입니다. 살아서 돌아오신 분들은 지금 어떻게 되셨는지 궁금하네요. 영화 강추예요!!,10
모가디슈, 유쾌하구 다들 연기 넘 잘하셔서 안껄끄럽고 10점 드립니다 ! 그리고 조인성님을 볼때마다 기분이 좋고 행복하고 구교환 배우님도 잘생겼다!!! 작품 자주 찍어주세요,10
모가디슈,김재화님 멋있어요 정만식님도,10
모가디슈,후회없는 선택하게 해줘 감사합니다. ^^,10
빽 투 더 퓨쳐,1985년에 이런상상을 실현한게 대단하다.,10
라야와 마지막 드래곤,느낀점과감동점실감이있어서좋다,10
이스케이프 룸 2: 노 웨이 아웃,그저그런 킬링타임용,6
모가디슈,정말 재밌게 잘봤습니다,10
모가디슈,믿고 보는 김윤석 과다한 감정 없이 덤덤하게 그렸기에 그 참혹함이 더 와닿았음,10
블랙 위도우,블랙 위도우의 솔로영화라 기대를 많이 하고 봤습니다. 아쉬운 점도 있지만 전체적으로 재밌게 봤습니다.,9
더 수어사이드 스쿼드,1편을 너무 재미없게 봤는데 요건 꿀잼 역시 마블영화감독님이 찍어서 그런지 다르네요 꿀잼ㅋㅋ,10
조난자들,생각보다 완성도 있고 쫄깃하게 봤어요~~!!,8
히트,나는 로버트 드니로가 싫다. 나의 영화 관람 경력이 짧을 수도 있겠지만 대부분의 영화에서 범죄자로 등장한다. 그리고 이러한 배우를 등장시켜서 범죄자를 미화하는 영화도 싫다.  한편 그런 의미에서 나는 삶의 대부분을 쓰며 미친 범죄자들을 끝까지 쫒는 알파치노가 정말 존경스러웠다. 그랬기에 범죄자를 마지막에 죽여버리는 장면이 가장 통쾌했다.,8
발신제한,시작하자마자  어떤내용 일지 뻔하긴 하지만 재밌었음,8
