movie,sentence,score
더 수어사이드 스쿼드,워너 DC는 절대 영화만들때 간섭하지마라 영화는 무조건 19금으로 만들어라,8
모가디슈, 3살 김송한입니다. 시원시원한 전개와 아픈 역사 그리고 남북한은 가깝고도 먼 나라라는것을 느꼈습니다.,10
모가디슈,8점짜리 영화는 아님.,7
괴기맨숀,캬 문재앙 정권 들어서더니 한국은 모든 분야에서 다 떨어지는구나... 영화도 잘 못만들어... 국제 올림픽 대회에서 성적도 역대 대회 중에서 나쁜 편이고... 그냥 좌파 지식인 영화계에 좌파적 성향의 인물들이 늘어나니 영화 퀄리티도 떨어지고  수준이 낮아지는거다. 진짜 반성해라잉!@@@,3
그린 북,아들이 한번보더니 계속봅니다. 스토리도 탄탄하고 배우들연기도 참좋네요. 너무자극적이지않으면서 인권문제 잘다룬영화입니다.,10
이층의 악당,한석규 개그졸라웃긴다 ㅎㅎ,10
블랙핑크 더 무비,진짜 눈물난다는게 거짓말 아니에요,10
장산범,염정아때문에 시작부터 마지막까지 암걸릴뻔,6
맹크,영화 시민 케인 스타일로 시민 케인의 탄생을 본다.,6
랑종,무섭기 보단 역겨운 장면이 많은 듯. 그래도 보고 난 후 의미 찾아보는 재미가 있음,8
모가디슈,이영화는 잼있는것도 재미 없는것도 아니다.그냥 그렇다…,6
모가디슈,정만식 배우 덕분에 알게되었는데 너무 재밌어요!! 신파없이 깔끔하고 재밌습니다  그리고 구교환배우 진짜 매력있게나와요,10
더 수어사이드 스쿼드,시작하자마자 너무 잔인해서 나갈까 했음근데 그 시작의 잔인함이 계속 영화에 긴장감을 주는 효과도 있었음할리퀸 캐릭터와 액션씬은 역대급,8
인셉션,재밌어요. 나중에 시간 될 때 다시 봐야겠어요,9
모가디슈,담백하게 잘 만든 영화. 강추,10
모가디슈,스토리 연기 군더더기 없고 공무자로서 많은 생각을 하게 해주는 영화임,10
플립,재밌고 감동적이였습니다허나 90분 러닝타임 때문에 그런지 짧고 아쉬운 느낌이 없지 않아 있습니다 원래는 10점짜리 영화,8
라이더스 오브 저스티스,조연들의 셩격이 모두 저와 비슷합니다.그래서 많이 공감하고 위로받으며 정말 잼있게 봤습니다.이런 류 영화 또 보고싶네요.,10
더 수어사이드 스쿼드,간만에 정말 재미있게 봤다. 개성이 살아있는 캐릭터들의 제대로된 청불 액션.,9
루카,이 영화는 디즈니와 픽사의 애니메이션 역사에 길이 남았으면 좋겠습니다. 코코와 어깨를 나란히하는 제 인생 최고의 디즈니와 픽사 애니메이션이라고 해도 과언이 아닙니다. 정말 엉엉 울면서 본 감명 깊고 여운이 짙게 남는 영화입니다. 타인이 몰랐으면 좋겠는 겉으로 드러나지 않는 비밀이 의도치않게 드러났을때 그 것이 약점이 되어 차별과 비난으로 돌아오는 모습. 저는 성지향성의 아웃팅이 떠올랐습니다. 어른들이 가장 못하는 “남들과 다름을 인정하고 받아들이는 아름다운 모습”을 어른들이 이렇게까지 표현 해 냈다는 점이 인상깊습니다. 연출을 어떻게 이렇게까지 아름답고 감동스럽게 해 낼 수 있는지.. 더빙판 목소리와 연기력도 굉장히 좋아 더빙하신 분들을 찾아보기도 했는데 세 소년소녀 주인공들의 목소리가 모두 진짜 초중학생 아역배우들의 목소리였어서 깜짝 놀랐습니다. 특히 알베르토의 성우님의 변성기 목소리가 10대 소년소녀의 파릇파릇한 성장물 느낌을 극대화 시켜주는 듯 했습니다.,10
더 수어사이드 스쿼드,연출과 영상미가 뛰어나고 스토리도 끊기지 않고 잘 이어져 나가요. 캐릭터마다의 개성과 배경설명도 적절하게 되었습니다. 하지만 매력있는 캐릭터를 의미 없이 쉽게 죽여서 아쉬움이 있는거 같아요.,8
모가디슈,보지 마세요. 재미 없어요,2
방법: 재차의,어쌔신크리드 좋아하는 사람 강추,5
더 수어사이드 스쿼드,뻔한 스토리지만 전작 수어사이드봣다면이것 전혀 다른영화라고 느껴질만큼 재밋다무적권 대작은 아맥으로 봐야 16000원이ㅜ안아깝다하지만 영화 마지막은 좀 그랫음 ㅜㅜ할리퀸이 대장이다!,8
그린 북,마지막 로칼바에서 정적 속에 시작한 연주는 모두를 숨 죽이게 한다.... 극 중 바 안에 가득 찬 흑인들 뿐만 아니라 영화를 보고 있는 우리 모두를...,10
나만 보이니,ㅋㅋㅋ웃김 배우들 연기 은근 잘어울리는데?...우리집에 귀신이산다인가 그 영화 이후로 최고의 호러코미디인듯 ㅋㅋ,10
더 수어사이드 스쿼드,ㅋㅋㅋㅋ큰 기대 안 하고 봤는데 재밌네요 ㅋㅋㅋㅋ,10
인셉션,진짜 내 인생영화... 처음봤을때의 충격을 아직도 잊을수없음,10
크루엘라,암 낫 에스텔라 아이엠 크루엘라 할 때 ㄹㅇ 소름 돋았음,10
모가디슈,믿고보는 김윤석허준호... 존잼,10
블랙핑크 더 무비,'그' 소속사 '그' 아이돌 이제는 빨아 주는 애들이 문제지 에휴 ㅉㅉ,1
더 그레이트 샤크,역시 시원하게 재미있다! 여름에 보기 딱 좋음!,10
더 그레이트 샤크,역시 여름에는 상어지~오랜만에 쫄깃쫄깃하네 ㅎㅎ,10
더 수어사이드 스쿼드,상어에 불가사리 거기다 족제비까지.. 도데체  욘두는 왜 나온거니?,6
더 그레이트 샤크,여름에는 시원한 영화가 최고,10
더 그레이트 샤크,굉장히 쫄깃쫄깃합니다~~!! 한여름에 딱좋은 영화네요~^^,10
모가디슈,시간 가는줄 모르고 봤어요.,10
더 그레이트 샤크,영화보는 내내 스펙타클하네요!,10
블랙 위도우,블랙 위도우 죽었다고 생각하고 보면 슬픔 ㅠ,10
모가디슈,절제된 스토리와 연기가 전작인 <군함도>보다 더 큰 몰입감과 감동을 선사합니다. 한국 사람들이 주인공이어서 그런지 비슷한 소재를 다루고 있는 <블랙 호크 다운>보다 더 몰입하게 되었던것 같아요. 5년 전 <군함도>가 개봉하고 나서 역사왜곡 국뽕 논란에 스크린독점 논란까지 덤터기를 쓰는 모습을 보고 많이 안타까웠는데 <모가디슈> 이 작품을 통해서 그때 비판받았던 지점들을 잘 수용 극복한거 같아요! <짝패> 때부터 너무 좋아했던 류승완 감독의 액션영화 관객으로서 앞으로의 행보가 기대됩니다. ^^,9
은밀한 방문자,역대급!!!! ㅋㅋ,9
더 그레이트 샤크,인간의심리를파고는 묘사와 절대절명의 순간 반드시 살아날 구멍이 있다,10
모가디슈,조인성 격투신  자동차질주신 그외는 싱겁당,6
모가디슈,시간순삭인 영화였어요~천만가능인데 코로나 시국에 아쉬워요,10
킬 빌 - 1부,동해를 일본해로 잘 못 표시하였다..,1
더 그레이트 샤크,여름엔...바다 그리고 상어 여자,10
버즈 오브 프레이(할리 퀸의 황홀한 해방),영상미말곤 없다고 해야되나...마고로비는 왜 이런걸 선택했을까..앞영화가 어떻게 되는지 경험하고..,2
더 수어사이드 스쿼드,요 근래 극장에서 본 영화중에 제일 재밌었다,10
더 수어사이드 스쿼드,이 세계관의 최강자는 뚱이인데요,8
모가디슈,조인성 최고… ㅜㅜㅜ스토리도 괜찮았고 근래 본 영화 중 젤 재밌었음,10
더 수어사이드 스쿼드,진지충에 오버액션 싫어하면 걍 보지마ㅋㅋ,10
인코그니토,스릴러 영화중에 상당한 수작임. 숨은명작,10
모가디슈,오랜만에 재밌는 영화를 봐서 기분이 좋았습니다!너무 재밌게 봤어요,10
모가디슈,오랫만에 영화관에서 재밌는 영화봤네요. 감독의 과하지않은 감정선이 돗보임. 요즘 영화관 방역철저히하고 좌석동거리두기 하고 있어서 걱정마시고 보러가세요~~~,10
집으로 가는 길,무지와 가난으로 인한 절망 속 욕망이 죄라면 죄일까..당한 사람만 억울하고 나만 절박한거지..내 일이 아니면 사람들은 강건너 불구경..,10
더 수어사이드 스쿼드,1때 너무 기대하고 실망했었는데.. 이번에 나온게 수어사이드 쿼드에서 기대하던 걸 이제서야 충족시켜주네요,10
티파니에서 아침을,영화를 보고있으면 60년전의 고전영화임을 망각하게 됨.햅번의 햅번에 의한 햅번을 위한 명작.,8
시카리오: 암살자의 도시,두 번 보고... 세 번 봐도.. 몰입과 여주의내적 갈등을 이렇게 적나라하게 보여주는 영화는 없었다. 늑대의 연기는 더 할 나위 없다,10
모가디슈,인생 최악의 영화. 돈버렸네,1
정글 크루즈,초반 30분 버티면 캐리비안 해적급 판타지 영상 볼수있음,10
모가디슈,좋았어요 시간가는줄 모르는 영화,10
발신제한,제네시스 광고 지대로하네ㅋㅋㅋ반전알고 나서는주인공이 안불쌍했음. .다 업보임,10
모가디슈,첨에 영화 평이 다 좋길래 알바 쓴거 아닌가 의심했었는데 평점 믿을만 하네요 꿀잼!!구교환 나온다길래 먼 내용인지도 모르고 봤는데 진짜 재밌게 봤어요 지금 한번더 보러 갈까 고민중입니다 배우들 연기가 일단 대박이고 스케일이 커서 좋았습니다 관객들 눈물 쥐어짜는 그런 포인트가 없는것도 좋았음,10
모가디슈,방탄차가 인상 깊었네요,1
방법: 재차의,아이와 함께 너무 재밌게 봤습니다,10
모가디슈,김윤석은 외교부 고위 공무원이 아니라 어디 농촌 이장 같은 어투와 연기를 보여주고 조인성은 안기부 공무원이 아니라 캬바레 제비처럼 보인다. 소말리아 대사 가족은 목숨을 걸고 행동했지만 부조리하고 우스꽝스럽게 그려지며 안기부 역시 편협한 시각으로 그려진다. 모든게 다 감독의 주관이라 생각된다,1
모가디슈,일반시민의 민생과 전혀 상관없는 정부의 방향성에 기가막히고 그들의 이야기를 듣기는 커녕 박하고 나몰라라하는 것은 시대에 불변하게 있어 왔다는 것을 깨닫게 된다~소통을 닫은 자들을 벌하고 싶다!!!,9
모가디슈,코믹스런 요소는 없지만 무겁지만 그리 무겁지는 않은 볼만한 영화였음.어린아이들에게 쥐여진 총을 보니 마음이 좀 아팠음.,8
더 수어사이드 스쿼드,뭔가 개연성이 .. 전혀 없는 눈요기만 가득한 기분이었고.. 이게 뭔 내용인가가햇습니다,4
모가디슈,극장에서 보는데 몰입도 때문에 화장실 급한데 못가겠어서 큰일 치룰뻔...,10
더 수어사이드 스쿼드,재밋서용,8
극장판 도라에몽: 진구의 신공룡,어릴적부터 봐온 도라에몽 기대 안하고 봐서 그런지 몰라도 변함없이 재미있네요~ ^^ 완전진한 감동은 없지만~ ^^;,10
보스 베이비 2,보스 베이비 1보다 재미없었어요 지루해서 꿀잠잤네요ㅋㅋ 전 여동생이랑 같이 봤어요마지막이 형 동생에 대한 우애를 보여주는 데 여동생이 나보고 잘하라고 말하더라고요;;ㅋㅋ,4
보스 베이비 2,보스베이비를 재밌게 본 만큼의 감동을 2에서도 그대로 느꼈습니다. 저는 그랬어요...,10
모가디슈,정말 재미있어요 '인랑' '리얼' '클라멘타인'그리고 '7광구'랑 함께 내인생 영화 탑 5에 들었어요 꼭 영확관에서 보세요!!,10
돌멩이,김대명배우님의 연기력 진짜 미쳤습니다 영화 마지막에 은지한테 아프지말라고 할때 진짜 완전 울었어요,10
박쥐,이 영화가 평점  낮은 이유는?  신부가  타락해서?종교인의 무분별한  단합으로  별점 테러  당한듯 너무너무  재미있고 영상또한  너무  멋지다  미술감독  대단한  분인듯  옥빈이 너무 이쁘네,10
모가디슈,그냥 너무 재밌었고 오랜만에 재밌었던 한국영화...,10
로건,눈물 찔찔 짰네ㅠㅠ 엑스맨 팬으로서 눈물만 짭니다..,10
더 그레이트 샤크,심장 완전 쫄깃 상어 영화 좋아하는 사람들은 재밌게 볼듯,9
더 그레이트 샤크,쫄보인 나는 엄청 쫄면서 봤음ㅎㅎ 바다 풍경도 좋고 스릴감도 좋고 딱 극캉스 제대로 하고 온 느낌! 아무 생각 없이 시원하게 잘 즐기고 온 기분임! 강추!,10
모가디슈,조인성의 재발견! 코로나 때문에 되게 오랜만에 극장에서 본 영화였는데별 기대 안했다가 기대 이상의 작품성에 되게 만족했습니다. 일단 믿고보는 김윤석허준호 배우님에 더해 이번 작은 조인성 배우님의 연기력이 엄청 좋았고 구교환 배우님도 최고였습니다,10
블랙 위도우,너무 기대를해서 그런지 실망감이 크네요내용도 그렇고 스케일도 그렇고ㅜㅜ,6
반딧불이의 묘,"도쿄 올림픽에서 참가 선수들에게 원폭일에 묵념을 해달라고 요청했단다. 좌우를 떠나 일본인들 깊숙히 내재되어 있는 자기들은 피해자라는 정신착란적 감성. 내가 ""반딧불의 묘""를 싫어하는 이유.",1
모가디슈,내용이나 연출 다 너무 좋았음,8
컷 스로트 시티,흑인 주제 영화 태반이 갈등 비스므리,1
나는 나를 해고하지 않는다,무겁고 불편한 현실. 하지만 무시하고 덮어 둘 수만은 없는 누군가는 얘기하고 건드려 줘야하는 주제를 다루고 있다.영화가 끝난 뒤에도 한동안 멍한 느낌으로무언가를 생각해야 한다는 의무감을 준다.,8
모가디슈,아 왜나는 깻잎장아찌 잡아줄 때 울컥했지...,10
더 그레이트 샤크,상어 비주얼 지렷다.. 상어랑 싸우는데 심장 개쫄깃 ㅠㅠ 역시 여름엔 상어 영화 한편 봐줘야지,10
더 그레이트 샤크,역시 여름엔 상어 영화. 더운데 상어랑 바다랑 보니까더위 싹 가심 굿굿,10
이스케이프 룸 2: 노 웨이 아웃,아 그냥 너무 재밌었어요ㅋㅋㅋ 간만에 시원시원한 영화 한편 본듯.1편 안보고 봤는데 전혀 문제 없네요.,10
날씨의 아이,영화를 보면서 도쿄가 이정도로 피해를 볼거면 차라리 희생하는게 낫지 않나? 라고 잠깐이나마 생각했는데 영화에서 주는 교훈과 의미를 깨닫고 반성하게됐다 감독이 비판하고자 하는 내용을 잘 담았다고 생각한다 감독이 바라는것처럼 일본사회도 깨닫는게 있길 바란다,10
은혼 더 파이널,은혼이다 끝까지 정말 끝이라니..,10
모가디슈,오랜만에 시원시원하게 영화 극장에서 잘보앗습니다,8
모가디슈,조인성 대배우 진짜 연기력 빠졌고보는 내내 지겹지가 않았어요ㅜㅜ또보고싶은 영화,10
7월 4일생,전쟁의 명작이라거나 수작이라기 보다 대작이고,9
더 그레이트 샤크,저는 재미있게봤습니다. 흔한 소재인거같지만 흔하지않게 만든거같아요,10
더 수어사이드 스쿼드,좋았던부분 2개 할리퀸씬 마지막 전투씬 나머지는 지루하고 연출이 구림...,3
모가디슈,내가 알던 류승완이 돌아왔다.군더더기 신파없이 재밌었어요.,10
카핑 베토벤,아예 가공의.인물로하지 굳이 베토벤을 쓸필요가있었나싶다 하이라이트부분을빼고 그닥이네,6
콰이어트 플레이스 2,폭염주의보가 기승을 부리는 여름에 어울리는 공포 스릴러물이 아닌가 싶다.,9
모가디슈,최근에 본 상당히 재미있던 영화네요코로나아니였으면 더 많은 관객들이 보았을듯합니다.,9
모가디슈,내전에 무서움도 알고 느끼는게 많아요 재미있었어요,10
콰이어트 플레이스,처한 상황의 분위기도 잘살렸고  배경도 좋았다. 다만  괴물의 약점이 너무 간단하고 쉽게 처리되고 급하게 마무리 되는점이 아쉽다. 마치 미드의 시리즈식 마무리와 비슷한 느낌을 준다.,8
모가디슈,정만식 배우 덕분에 오랜만에 영화관에서 봤습니다! 돈 아깝지 않은 영화였어요! 배우들 연기도 물론 말모입니다. 가족들이랑 봤는데 가족도 다 재밌다고 했어요 :),10
더 그레이트 샤크,지금 시즌에 보기 딱인영화! 시원하고 좋았음,10
엽문4: 더 파이널,태어나서 처음이자 마지막으로 중국인을 응원해보았다,10
크루엘라,간만에 이렇게 재밌게 본 영화는 오래만이였어요.일단 봐서 손해볼건 없는 영화,10
모가디슈,아쉽다 코로나만 아니었어도ㅠ오랜만에 반가운영화 조인성의 연기는 점점 발전하는것같다.,10
보스 베이비 2,아이들이 아주 좋아하네용~~~,9
사선에서,클린트이스트우드영화는 다 명작이다,10
오만,지일주배우님 연기 멋져요,10
정글 크루즈,유쾌한 가족 영화인줄 알았는데 기대이상! 액션과 볼거리가 가득함드웨인존슨 시선강탈용감한 여주. 귀여운 남동생더 귀여운 냥이,10
더 수어사이드 스쿼드,아주 그냥 DC에서 나온 모든 영화중에 최고였따,10
정글 크루즈,감상포인트를 추천하라는데 솔직히 하나도 없다 .  연출 연기력 스토리 영상미 ost 전부 볼게 없고 유치원생들이나 재밌게 보고 신나할정도의 유치한 영화다,1
모가디슈,마지막에 차에 타서 창문을볼때 말하지 않아도 모두다 같은 마음이지 않을까 싶었어요,10
모가디슈,훌륭한 연기와 연출로 그때의 분위기를 생생하게 잘 재연. 남북분단 현실의 먹먹함을 담담히 잘 표현.,8
모가디슈,극적인 재미가 있어요.,10
블랙 위도우,재미있다123456,10
판도라,쓰레기 영화임 정치적 쓰레기 임,1
모가디슈,한줄로 요약하자면 믿고보는 배우와 믿고보는 감독.,10
더 그레이트 샤크,여름에는 샤크?!!,9
나이브스 아웃,기존의 추리 영화라고 생각하다간 오산,10
모가디슈,좋은 영화입니다. 미국은 떠나고 돈없고 힘없는 나라들 사람들 남아 각자생존하려는… 그러나 이데올로기가 서로를 구분짓게 만드는… 이게 인간사인데…우리 후손들은 극복하고 살았으면 좋겠다,10
뺑반,잼있는데???ㅋㅋ왜 섹드립하나없어서 그런가..,10
더 수어사이드 스쿼드,1편 보다 훨씬 잼있어요. 캐릭터들을 디테일하게 다루는게 좋았습니다. 역시 디즈니가 마블인수 하더니 달라졌어요. 가오갤 시리즈와 비슷합니다,8
이스케이프 룸 2: 노 웨이 아웃,1편을 넘는 2편은 없다 지루했음,7
모가디슈,개인적으로는 오랜만에 영화다운  영화엿네요.영상도 연출도 그렇지만...그를받쳐주는 탄탄한 연기...심지어 현지분들은 찐짜인거 같음...,10
모가디슈,굳이 북한 대사에 자막을 넣을 필요가 있었음? 그리고 북한 대사관이 양아치 짓하는 모습이나 가족을 북에 두고와야 한다느니 이런 검증 안된 내용은 국민 대다수가 지지하는 우리 문재인 대통령이 대북협력과 김정은 국방위원장을 만나야 하는 이시국에 너무 토왜 짓한것 같음.,2
발신제한,55분까지 전개는 눈 돌릴 틈을 주지 않게 잘 끌고 갔는데 그 이후는 너무 아쉽다 후반부는 전형적인 한국 영화를 보는듯,7
모가디슈,100프로 로컬촬영이라고ㅇㅇ,10
더 수어사이드 스쿼드,진작 이렇게 만들었어야지!!,10
아이들은 즐겁다,웹툰보다가 영화봤는데 감동이 컬러감과 생동감을 같이 밀려서 오네요~너무 재밋게봤어요^^ 제가 생각한 다이의 모습이에요 ㅎ 조금 키가 크지만^_^,10
모가디슈,올해 본 것 중에 가장 한국영화중 재밌고 감동적이면서도 간만에 영화다운 영화 본 것같아요배우들도 너무 연기 다들 잘하셔서 더 몰입감있게 봤구요 특히 구교환 배우님좋아하는데 역할 너무너무 또 잘 소화해내셔서 너무 재밌게 봤어용 앞으로 상업영화도 자주 출연하셨으면 좋겠어요 ㅠㅠ 구교환 배우 연기는 볼때마다 재밌고 흥미로워요 다음 작품이 기대되구요 ㅎㅎ 무튼 모가디슈 보기 전엔 이름도 생소한데 실제로 다룬 소재도 생소하고 잘 알려진 사건? 은 아니라 잘 몰랐지만 또한번 우리역사에 대해서도 생각해볼 수 있던 기회였던 것 같습니다모가디슈 ㅠㅠ 더 흥행하시길 !! 무튼 강추,10
모가디슈,지금도 끝나지 않는 전쟁과 분열 갈등 안에서민족애와 생존본능에 대한 다큐같은 영화남편이랑 마지막 휴가에 탁월한 선택이었고시원한 영화였음조인성연기 오랜만이라 더 좋았음김윤식의 명품연기도 좋았고,10
모가디슈,감동과 재미뒤돌아 보지 못하는 마지막 장면에서 눈물이....,10
알라딘,미장셴 극최상. 정말 의상 소품색감 하나하나 신경썼다는게 느껴짐.  본인 미대출신.. 근데 진짜 잘썼다고 감탄이 나올정도.그냥 한마디로 축약하자면.. 윌스미스가 멱살캐리,10
황해,허무하게도 승자는 아무도 없다.,7
모가디슈,조인성 보러가서 좋았는  데 구교환  연기력도 넘 좋았어요 ~  짱!!!,10
블랙 위도우,연출로 초반 ost와 함께 블랙위도우 양산소 부분이 좋고 후반 공중액션신도 좋았음 블랙위도우를 깔끔하게 바통터치하는 느낌 까진 좋았는데 캐릭터들이 살짝 아쉬움,7
모가디슈,소말리아 영화를 오로지 '블랙 호크 다운'만 알고 있는 이들이라면 이 영화는 '블랙 호크 다운' 프리퀼로도 손색 없는 작품임. 할리우드식 액션보다 더 생생한 전쟁에 대한 두려움과 그 속에서 피어나는 인간애를 경험할 수 있음. 보고나서도 오랫동안 잔상이 남는 영화! 역시 류승완 감독이다.,8
방법: 재차의,좀 오글거리지만 긴장감있고 재밌었어요 (드라마는 안봄),10
모가디슈,남!자의 자존심   페!ㅐ션 센스도 갖춘  미!친존재감 ㅈㅁㅅ,1
모가디슈,담담하게 그려낸 남북관계의 모습을 통해 여러모로 많은 생각이 들었습니다.,10
비바리움,소름돋는 영화 오랫만...새로운 느낌 스토리가 맘에 든다.,10
모가디슈,요근래 본 영화 중에 제일 재밌었음,10
"그 시절, 우리가 좋아했던 소녀",<너의 결혼식>원본. 성격차이로 이혼하는 것보다는 현명한 거 아냐?OST가 좋아..,7
콰이어트 플레이스 2,보통 영화보다 잠드는데 끝까지다봤음 아역포함 배우들 연기도 훌륭했음 마지막장면에 성장하는 아이들이 어른을 지켜주는 모습에 3탄이 기다려짐,10
크루엘라,연기 좋고 볼거리 있는데 스토리가 좀 약한듯.,8
모가디슈,오랫만에  잘 짜여진 구성과  모든 배우들의 훌륭한 연기력( 심지어 아프리카배우들도 꽤 괜찮았다 !!외국배우들이 어색한 연기를 펼치면 몰입도가 떨어지는데 )이 잘 뒷받침되고 내전상황의 긴박함이 보는내내 심장이 쫄깃했던!! 꼭 극장에서 보세요 강추!!,10
모가디슈,기대보다 재미있었고 실화 바탕이라 더 몰입해서 봤습니다.,10
언더 워터,에어컨 꺼도 쿨파워 튼 것 처럼 등골이 서늘했다.완전 스릴러의 원조같은 원조아닌 영화네ㅋ,10
모가디슈,걍 존잼이야.. 꼭 보세요,10
모가디슈,깻잎을 먹을깨 이해하고 도와주듯이 남북이 손잡으면 못할게 없어여,10
모가디슈,스토리는 예상가능한 뻔한 내용이지만 몰입감 좋고 연기 연출 좋아 재미있게 봤네요.간만에 극장가서 볼만한 영화입니다.,10
더 수어사이드 스쿼드,블랙위도우보단 재미 없고..그냥 저냥 볼만합니다..,8
새콤달콤,배우들의 연기가 좋았습니다. 채수빈 초반 능청스러운 연기 굿굿,10
모가디슈,오랜만에 너무 재밌게 본 영화 .. 액션 싫어하는데 유일하게 재밌게 봤습니다,10
내 손을 잡아,박시은 연기 잘하네...ㅎㅎ,6
어벤져스,재미있는 영화 사랑받는 영화들의모든 요소를 갖춘 마블의 첫번째 종합 선물셋트 !,8
리얼 스틸,너무 재밌어요 2기대해여,10
블랙 위도우,마블빠가 봐도 빻았어 진짜라구,1
더 수어사이드 스쿼드,음… 영화관에서 보는데 이상하게 전체적으로 장면들이 다 어두워서.. 보기 불편했어요.. 어떤 때는 인물의 얼굴을 알아보기도 힘들고 이게 낮인지 밤인지 구분이 안가더라구요.. 아 참고로 영화 보다가 제 옆자리에서 보신 분은 주무시더라구요? (보시려면 참조..) 그냥 중간에 가시는 분들은 또 처음이라..,5
모가디슈,오랜만에 감동적인 영화를 만났어요 코로나가 어서끝나고 많은 분들이 함께 보면 좋을 영화,10
더 수어사이드 스쿼드,피튀기냐?yes 야하냐?yes 뽕빨이냐?yes,10
블랙 위도우,블랙위도우 2 가쟈 !!!,10
더 수어사이드 스쿼드,귀여운 상어의 먹방 그리고 개그는 취향차이(호불호심하게갈림)지만 액션은 볼만합니다,10
모가디슈,애들이 총쏘면서 웃는장면 너무 충격이네요 ~배우들의 연기에 빠져들다보니 시간가는줄 몰랐네요 ~,10
극장판 도라에몽: 진구의 신공룡,아들이랑 같이 가서봤는데 제가 울었네요;;; 감동적이였어요 ㅎㅎ 재미있고 ㅎㅎ 공룡도 귀엽고,10
이웃집에 신이 산다,오 마이 지저스 크라이스트,9
감시자들,볼 게 없어서 채널 돌리다가  EBS  이 영화보고 밤 늦게까지 재미있게 봤습니다. 10점 만점에 10점!,10
모가디슈,모르겠습니다. 초반에 긴호흡들 지루했으며깨알재미마저 거의없어서 이건 진짜 다큐스러운영화라고 말할수있습니다. 그나마 마지막에 차추격씬과 남북헤어질때 감정처리정도는 신파없이 끝내서 깔끔했네요. 전 그다지정도의 영화였습니다,6
모가디슈,기대 안했는데 배우분들 연기는 물론 연출 장난아니에요ㅠㅠ,10
모가디슈,다들 액션보러 가는 거잖아요 ㅎㅎ,8
새콤달콤,재밌게보았습니다 ㄹㅎㅎ,8
타짜,최고의 영화. 234찍을때마다 1편이 더욱 돋보이는 영화,10
모가디슈,힘을 뺀 김윤석의 연기는 재미가 없었고 조인성 특유의 고함 연기는 늘 똑같았다. 어설프게 구성한 에피소드로는 남북 관계의 유대감을 통해 관객의 공감을 얻어내기엔 많이 부족하다.,5
모가디슈,스토리가 탄탄해 보기좋았습니다,10
모가디슈,와 글로벌리 흥행하면 좋겠다는 생각과 그만큼 완성도 높은 영화인 것 같아요. 조주연 배우는 물론이고 외국배우들도 열연하는  연출과 디렉팅의 정수를 느꼈습니다. 신파없이 잔잔하고 진하게 밀려오는 감동도 일품!!,10
이스케이프 룸 2: 노 웨이 아웃,상상할 수 없을 정도로 재미있었다,10
모가디슈,실화를 바탕으로 해서 나름 잘 만든 영화..,8
음란서생,그냥그럼...,2
모가디슈,한국영화 진짜 허접...경비가 몇 명 되지도 않는데 반공이 못들어와?어설픈 자동차씬하며...한국영화는 참 수준이 떨어지는건 확실,2
모가디슈,조인성이 감초로 나오다니 ㅋㅋ,10
모가디슈,믿고보는 류승완흥미딘딘했으,10
더 수어사이드 스쿼드,영화 스토리 별로재미 없고 코미디 영화이나 그닥.... 영화 액션보다는 잔인한 장면만 많아서 볼많하지는 않아요,2
모가디슈,외국인 배우들의 연기도 돋보였음아이들이 다치거나 죽거나 총이 장난감이 되었을 때 마음아팠음전쟁의 무서움을 잘 나타냄,10
블랙 위도우,무난하다...,7
발신제한,영화레트리뷰션 : 응징의날2016년에 나온 영화랑 하너도 다를게 없는 한국판이네요.... 스토리며 다 같은데 주연배우가 캐리함...,6
모가디슈,너무 재밌었어요 잘만든 영화,10
모가디슈,꼴페미 정만식에 1점을 드림,1
모가디슈,실제로 보면 잘만든 영화다..  병따 정치충 놈들이 북한나오니 보지도 않고 악플만 쳐 하는데 영화를 쳐봐라.. 남북화합이나 한민족 같은 그런 내용이 아니다 븅들아... 인간으로써 살기 위한 여정이고 당시 현실에 대한 안타까움만 맴도는 영화다... 영화 보지도 않는 키보드 워리어들아 좀 꺼져라,8
콘스탄틴,역사상 가장 이해하기 쉬운 성서영화,10
목소리의 형태,마음아픈 영화 자꾸 생각나는 영화,10
모가디슈,만식공주 최고임 !!!!,10
악마를 보았다,최고라고생각합니다 국민살인마 최민식배우님 존경합니다,10
그린 랜턴: 반지의 선택,나름 재밌게 봄~라이언 레이놀즈 귀여워~누가 뭐래도~,10
나비 효과,이 영화를 10대에 보지 않은 것은 행운이다.,9
모가디슈,재밌게 보다가 막판에 총 그렇게 맞고도 다들 멀쩡한 억지액션 보고 좀 어이없긴했음 90년대 소말리아 묘사는 진짜 리얼하긴 함,8
랑종,저는 매우 좋았어요. 관객으로 하여금 계속 의심하게 하는게 재미있었어요. 그리고 신은 무엇인지 인간의 위선에 대하여 생각할 수 있게 합니다.,10
매그니피센트 7,배우들의 연기가 좋았습니다.,10
봄날은 간다,누구나 그였었고 그녀였다.,10
8월의 크리스마스,두범다시 안나올 영화먹막함에 말이안나온다,10
국가부도의 날,이 영화는 편향 왜곡이 심하다 그럼 어음남발하는 잘못된 경제구조를 유지하는게 옳았나? imf를 통한 구조조정은 결국 기형적인 경제구조를 개혁하기위한 장기적인 선택이었다 imf가 싫다고 디폴트를 말하는 주인공에게 공감가야할 이유가? 관객의 수준을 얕보는 영화,3
모가디슈,태준기....♡♡♡,10
폼포코 너구리 대작전,동물멸종위기온것도 인간때문일수도,10
블랙 위도우,너무 오랜만에 재미있는 마블영화를 봤습니다.,10
그곳에서만 빛난다,흡입력이 높은 영화 였고 주인공 3인방 모두 매력적. 해피엔딩으로 해석하고 싶다,9
조이,몇몇 장면은 괜찮은데 이야기 전개가 약간...,7
더 수어사이드 스쿼드,우리가 상상하는 멋진 모습이 아닌 정신나가보이고 어중간한데도 어쨌든 히어로물이다 보니 꽤 볼만하다. 그냥 생각없이 액션에만 몰입하고 싶다면 추천한다.,7
혼자 사는 사람들,주인공이 매번 장초를 버리는것에 대하여 아무리 연기자가 비흡연자라고는 하지만 눈을 찌푸릴수밖에 없었다,7
러브레터,몇번을 보는지...내 생에 최고의 멜로영화영상미ost 모두 너무 아름답고 황홀하다. 생각날때마다 꺼내보는 영화.,10
울고 싶은 나는 고양이 가면을 쓴다,1시간 44분 이라는 시간이 이렇게 빨리 가는시간인지 몰랐습니다..,10
존 윅 3: 파라벨룸,존윅은 1.2 더 재밌다..,6
블러드 레드 스카이,아들역은 감독 아들을 데려다 찍은거냐? 연기가 너무하잖아,1
걸캅스,꼴깝스 꼴깝스 꼴깝쓰 꼴깝쓰,2
너의 췌장을 먹고 싶어,원작에선 남주가 동글동글하고 키 작고 귀여웠다면 애니에선 남주가 뭔가 원작하고 달랐지만 감정이입하는데엔 지장이 없었습니다확실히 책(원작)으로 보는게 훨씬 재밌던거같습니다,10
모가디슈,쫄보라 총 탕탕 소리랑 전시상황들이 너무 기빨렸지만 그래도 재밌게 잘 봐써여,10
비밀,으… 심각하네… 뭔 내용이 이러냥,2
드래곤 길들이기 3,123 시리즈 전부 이렇게 완벽할 수가 있을까 21세기 최고 명작  요즘같은 시기에 인기가 많으면 항상 딴길로 빠지기 마련인데 이 영화는 정말끝까지 완벽하게 관객들을 감동시켰다,10
드래곤 길들이기 3,123 시리즈 전부 이렇게 완벽할 수가 있을까 21세기 최고 명작  요즘같은 시기에 인기가 많으면 항상 딴길로 빠지기 마련인데 이 영화는 정말끝까지 완벽하게 관객들을 감동시켰다,10
모가디슈,여운이 오래 가네요 구교환 배우 다시 보러 2차 관람 예정입니다,10
트와일라잇,와 진짜 너무 좋아 제발 이런 거 또 내주세요,10
더 수어사이드 스쿼드,갠적으로 스토리는 가오갤이 몰입도는 아쿠아맨이 더 좋았던 것 같아요. 가끔 잔인한 장면이 문득문득 지나가고 후반부의 무거운 분위기는 별로 였습니다. 그래도 왜 이 영화가 전문가 평점이 높은것은 예술영화에서나 볼 정도의 수준 높은 미장센과 여러가지 시도  그리고 감독 특유 유머코드가 돋보여서 그렇지 않았을까요. DC지만 어른 전용 다재다능 영화였습니다.,7
더 수어사이드 스쿼드,할리퀸 외에도 다른 캐릭터들의 매력이 빛을 발했고 연출 OST 스토리 영상미 연기 뭐하나 빠짐없이 완벽한 영화였다,10
플립,와 이걸 왜 이제 봤지 남주가 너무 잘생김,10
맨 오브 스틸,이 영화를 보는 어른들에게 영웅은 좋은 부모에서 나온다 라는 교훈을 알려주는 괜찮은 영화,7
냉정과 열정 사이,저런사랑을해보지못한게 아쉽다,9
모가디슈,스케일 큰 액션에 담담한 스토리,10
위대한 개츠비,사랑을 위한 일이였고 마지막엔 단 한명만 남은 게츠비가 어쩌면 내가 보기엔 가여웠다 호화롭게 나타난 모습이지만 결국 모든게 사라진게 가엽다,10
더 수어사이드 스쿼드,이런 유의 영화로 이 정도 하기도 쉽지 않거든,8
더 수어사이드 스쿼드,아 재밋다 꾸르잼잼 기가 마켜,10
더 기버: 기억전달자,진짜집중해서 볼 수 밖에 없습니다,10
장화신은 고양이,역시 슈렉제작진 옛날에 봤던것같은데 또봐도 재밌네요,8
베를린,긴장감 최고 너무 재밌어요배우들 연기 너무 잘하고 후속편이 기다려집니다!,10
800,오랜만에 너무 가슴 뭉쿨하게 만드는 영화네요 2차대전때 일본하고 싸우면 다우리편이죠!!! 실화이고 전쟁에 대해 정말 실감나게 만든영화라서  좋았어요  수류탄 안고뛰어내릴때 눈물났어요ㅜㅜ,10
블러드 레드 스카이,애가 연기를 진짜 못하긴 하는데여기 네이버 평점러들 애보다 못하네 ㅋ극중에 테러리스트주식러군대 얘기는 없는데 애를 발암유발자로 바라본다는게 어이가없네 ㅋ세상이 미쳐돌아가나.영화자체는 킬링타임용. 썩 나쁘지않아요. 애기빼고는 다들 연기 낫뱃정도임. 어둡고 딥한 느낌영화 좋아하시면 한번쯤 보셈,6
블러드 레드 스카이,좀비물인데 짜임이 괜찮고 감동도 있음 꽤 괜찮은 영화,10
새콤달콤,채수빈 너무 예뻐요 흑흑,10
더 문,도덕 시간에 틀어주면 좋을 영화. 매우 인상적인 데뷔작,9
모가디슈,태준기.. 살려주세요 ㅠ,10
클래식,이 명작을 32먹고 이제서야 처음 봤네요와이프 처가 내려갔을때 혼자 밤에 맥주마시며보다 눈물범벅됐네요 너무 감동적이고 좋은 영화였습니다,10
마담 뺑덕,가스불은끄고만나자제발 왜남탓을해ㅡㅡ,6
모가디슈,태준기 존멋탱 사랑합니다 구교환^^,10
모가디슈,기다리던영화추천합니다!!!,10
모가디슈,구교환이 살린 영화 . 오직 구교환,10
모가디슈,구교환 연기도 너무 잘하고 눈물나게 사랑한다,10
발신제한,제네시스 절대 안산다. 부산에 절대 안산다 길 좃끗다,1
엑소시스트 2,원작에서 내용이 산으로 가버린듯하지만 유일하게 연출과 그래픽은 시대에 딱 걸맞는다. 의아한 메뚜기 1인칭시점 그리고 부두술사..엑소시즘이 아닌 샤머니즘,4
모가디슈,갓만에 좋은영화 나왓네요,10
더 리더: 책 읽어주는 남자,내가 얼마나 머리를 쓰지 않고 살아왔는가를 가늠할 수 있게 하는 영화. 이 영화가 재밌다면 나는 정말 단순하고 뇌가 없이 살아갈 수 있는 걸 확신해도 되는 영화. 20년 쯤 뒤에 보면 완전 졸작일 것 같은 영화. 말도 안 되는 감정선과 억지로 끼워맞춘 듯한 상황극. 쉽게 얘기해 부자연스럽고 일어나지도 않을 법한 억지스러운 상황을 아주 자연스럽게 표현하려고 한 영화 및 소설. 오만과 편견의 아류작.,1
남한산성,대한민국 사극영화 중 단연 최고다. 하지만 날조된 국뽕 역사관을 가진 한국인들에겐 거북한 영화.,10
시동,대체 뭔 내용인지 모르겠다. 보는 내내 그래서 지금 뭐하자는건데 싶고 이런 대배우들 모셔놓고 이런 각본 짜내는 것도 능력인듯. 재미도 없어 그냥 욕만 처먹은 것 같음 기분나쁨.그치만 배우들 연기는 좋으니 2점 드립니다,4
너를 정리하는 법,적당히 담고 적당히 놓아주어야한다는것을 느끼게 해주는 영화에요.스토리영상미 모두 좋아요 잔잔해서 여러번 돌려볼거 같아요.,10
내겐 너무 소중한 너,오랜만에 너무 좋은 영화를 봤습니다. 연기력에 감탄했어요...중간중간 영상미도 좋았어요. 영화 제작 취지도 good.,8
블랙 위도우,처음부터 끝까지 몰입감 장난 아니네요! 스칼렛 누나 잊지 않겠습니다..,10
메이드 인 루프탑,경박과 예민 사이. (10자 내외),4
더 수어사이드 스쿼드,결말 진짜 OOOO 미쳤다ㅋㅋ,7
모가디슈,"<군함도>에서 삐끗 하더니 다시 정신 차리고 류승완 감독이 가장 잘 하는 것을 보여줬다 카메라 워킹 연기 미장센 등 뭐 하나 빠지는 것 없이 완벽에 가까웠고 한국 영화에서 보기 힘든 액션과 놀라운 볼거리를 만들었다. 사실 그냥 본다면 마치 <블랙호크다운>이나 <아르고> <13시간>으로 착각 될 수준이다. 영화 초반엔 남과 북의 음모론으로 시작되나 했지만 대사에서 이미 영화의 목적을 내포한다. ""그게 중요한건 아니잖소"" 이렇듯 영화는 중반부터 긴장감을 끌어 모으며 휴머니즘과 생존에만 초점을 맞춰 더욱 더 완성도 있는 영화로 나온게 아닌가 싶다.",8
워터 릴리스,"가혹한 첫사랑의 열병들이여... 첫사랑은 이미 까마득히 잊은 나이인데도 덩달아 가슴이 저릿하다. ""나를 좋아하는 마음도 조금은 있었을거야. 아니어도 괜찮아. 아직 첫키스는 안했으니까."" /음악도 좋고 엔딩도 좋습니다.",9
더 수어사이드 스쿼드,유치함과 유머스러움은 한 끗차이. B급도 일부러 연출한 B급과 수준 떨어지는 B급도 한 끗차이. 감독의 이전 마블 가디언즈는 SF라 과해도 캐릭터들의 매력으로 커버가 되었지만 이번작은 매력없는 캐릭터와 유치하고 수준떨어지는 B급 영화 딱 그 정도. 이걸 만점주는 사람들은 그냥 자신의 유치함을 증명하는 수준이지.,5
모모와 다락방의 수상한 요괴들,일본판 강추합니다.요괴들 괴상하게 생긴 외모와 다르게 하는짓이 너무 귀엽네요ㅎㅎ시간가는줄 모르고 봤습니다,10
감시자들,조직적안 추적을 촛점으로 하는 새로운 시도. 신선했고 좋았다. 하지만 시도를 넘어서 영화로의 완성성은  어쉽다. 마치 기술적인 면에만 신경을 쓰다가 재미라는 큰 줄거리를 높친 격. 이번 작업은 완성이 아니라 출발작이었고 이를 바탕으로 완성성이 높아진 다음 작을  기대한다. 평점8은 바람직스러운 새로운 시도를 했다는 점에서 좀 후하게 준 점수다.,8
더 수어사이드 스쿼드,진짜 존잼 시간가는줄 몰랐다할리퀸 엑션신 도랏~~~~ 훨씬 웅장해지고 영상미가 풍성해짐,10
범죄의 여왕,올해 본 영화 중에 거의 제일 좋았던,10
더 수어사이드 스쿼드,생각보다 엄청 구리진않고 볼만하던데,8
바람이 분다,영화 보기 전에는 여기 평점들 보고 이런 영화를 만들었다고? 싶었지만 보고 나서 여기 테러 한 사람들이 국뽕에 취해 앞을 보지 못하는 사람들이었네 너무 안타깝다 영화는 보고 평점 다는 것들인가 싶네... 창피하다 제발 그러지 마라,8
박하사탕,몰입해서 재미있게 봤다. 오래된 영화지만 너무 잘만든 영화. 가장 행복했던 시절로 되돌아갈수 있을까. 되돌아가서 다시 산다면 내 인생은 바뀔까. 과연 지금보다 더 행복할까.,10
랑종,웬만해선 이런 리뷰 안 다는데카메라 앵글 너무 흔들려서 토쏠려요(내 아이폰으로 영상찍어도 그정도는 아닐거임) 처음은 따분하고 후반부가면 이게 공포물인지 좀비물인지 모를정도로 기괴하고 진짜 귀신씌인 것 처럼 영화 끝난 뒤에는 속도 안좋고 어지러웠어요 스토리도 그러고 제작비 또한 얼마 안들어갔을 것 같음 그냥 기괴함...,2
더 수어사이드 스쿼드,예고편이 가장 재미있었음,1
윤희에게,내가 본 사랑 이야기 중에 가장 마음을 울렸던 영화.,10
황해,마누라 찾으려다 개고생했는데 허무하게 ㅜㅜ불쌍한 정 우,6
더 수어사이드 스쿼드,기대했는데..이정도면 개찐도찐이잖아...,4
굿 라이어,뻔할수도 있고 이외 일수도 있고. 복수를 향한 칼날이 조금 무디다고 느끼나 나름 특색있는 내용. 꽤 볼만하고 추천할만한 영화.,8
블랙 호크 다운,영화보면서 왜케 미군이 전투를 못하나 싶었는데 실제로 실패한 전투라고 하네요 정치적인 것도 있다고 루머도 있고.. 희생자들만 불쌍한.. 영화의 리얼함은 최고였어요,8
너를 정리하는 법,Happy Old Year,6
모가디슈,극의 흐름을 방해놓는 조인성의 연기,6
클래식,평소에 본다 본다 해놓고 이제야 봤다.,10
아수라,후 자극적이야 스트레스 풀린다 평점 낮아서 안보고있었는데 왜 아수리언 팬덤 생겼는지 이해갑니다 한국판 블랙코미디 너무 좋았어요,8
모가디슈,영화 소개글만 살짝 읽고 가서 무슨 영화인지 잘 모르고 봤는데 기대 이상으로 재미있었어요 감동도 있고 액션도 있고 배우들 명연기까지!,10
발신제한,결말이 ㅄ같네요.,1
해어화,평점이 왜 8.2점 밖에 안되는지 그 어떤 영화보다도 애절하게 봤는데,10
모가디슈,영화관에서 잘조는 편인데 끝까지 집중해서 재밌게봣어요. 택시운전사 영화랑 비슷한 느낌이에요. 내전의 아픔을 간접적으로나마 느꼈습니다.,10
한 솔로: 스타워즈 스토리,흠 이거 보니 확실하고. 스타워즈는 1~6 그리고 로그원 한솔로 이걸로 마무했어야 딱,8
나를 차버린 스파이,번역은 이렇게 하는 것이다.. 개재밌고 개인적으로 코미디 영화중 원탑이었음,10
화차,슬프면서 무서운 영화. 그녀는 행복해지기 위해 타인의 삶을 뺏기로 했다,8
발신제한,인과응보의 결말을 예상했지만..그부분이 아쉽네요..,7
더 수어사이드 스쿼드,진짜 재밌어요!!!! 예고편은 그저그랬는데 영화는 너무너무너무 재밌어요,10
블러드 레드 스카이,심장 쫄깃 엄청 재밌게 보았습니다,10
워크 투 리멤버,풋풋한 모습으로만 흐뭇하게 보다가 진실된 깊은 사랑임을 알고나니 눈물이 ㅠ...,10
더 수어사이드 스쿼드,내 근래 본 영화중에서 쵝오다 ㅋㅋ  클리셰 아예없고 예상을 뛰어넘네,10
더 수어사이드 스쿼드,우와 존시나네 유캔시미!할리가 역시 매력적이야,10
클로버필드 패러독스,악평이라 재미없을줄 알았는데 생각보다 재밌다,10
더 콘서트,코믹한 스토린 줄 알고 방심하고 있다가 콘서트 장면부터 끝날때까지 눈물이… 마에스트로~오해해서 미안해요 ㅎ,10
인신매매,반드시 디지털 리마스터링으로 복원되야 하는 영화,10
더 수어사이드 스쿼드,애브너는 왜 죽인거야 도데체 애브너 죽여서 별 반개 뺌최근 마블보다 훨씬 좋음,10
감쪽같은 그녀,계속 울었습니다 지치고 힘들어 울고 싶으신분들에게 정말추천합니다,10
블랙 위도우,마블 시리즈 중 최고의 영화,10
크루엘라,기대이상의 수작. 유쾌하고 새로운 악당 탄생. 2시간동안 매우 즐거웠음.,10
모가디슈,하 진짜 돈아깝네요 그나마배우때문에보는영화인듯,1
아메리칸 갱스터,최고다. 덴젤워싱턴 러셀크로우,10
모가디슈,군더더기 없이 깔끔한 스토리와 연기 아주 좋았습니다!! 정말 오랜만에 극장 나들이였는데 너무 즐거움 관람하고 왔어요~!!,10
뻔뻔한 딕 & 제인,짐캐리 때문에 봤어요 연기며 스토리까지 생각보다 더 재밌어서 계속 웃으며 봤습니다,10
야쿠자와 가족,기대를 벗어난 뻔한 결말과 과장섞인 주인공의 몰락서사가 무척 아쉽지만 배우들의 열연에 8점,8
오아시스,평가할수없는 영화 이창동의 빛의잔치,10
봄날은 간다,20년만에 다시 봐도 좋은 영화,10
모가디슈,이국적인 배경덕에 꽉 찬 영화가 되었네요. 별이빼곡한 밤하늘까지 현지올로케 값 합니다.,10
방법: 재차의,드라마보다 볼만했어요% 지루하지 않고요,10
호스트: 접속금지,요즘같은시국에 맞는 공포영화를 만드신것 같은데 그렇게 막 무섭진 않았고 재밌지도 않은것 같아요. 6점을 준 이유는 그래도 완전 노잼까지는 아니었다라는 겁니다.,6
콘스탄틴,레이첼 바이스… 최고의 배우.,10
블러드 킬,뚱보가 된 시걸은 눈뜨고 볼수가 없다,1
비열한 거리,조인성님 정말 대단하네요병두ㅠ  연기안같아요짱^^,10
황해,그냥 계속 보게 되네요 ㅋㅋ,10
더 수어사이드 스쿼드,만화는 안봐서 할리퀸 빼고는 다 모르는 캐릭터들이었는데도 캐릭터 하나하나 개성있고 재밌음. 액션 연출도 만족 데드풀 비슷한 유머코드 같아요.,8
오만,가볍게 봤다가 연기랑 연출에 입덕~~ 지일주 배우님 감독님 다시 보게 되었습니다. 앞으로도 계속 좋은 영화 만들어주시길~,10
너와 파도를 탈 수 있다면,우연히 보게 되었는데 처음부터 초 집중.... 진짜 괜찮음,10
루카,처음 시작부분은  좀 별로였는데 은근히 감동적이고 인간과 서로 융화되는 끝부분이 뭉클했어요. 역시 편견없이 서로를 바라봐야 할 것 같아요.,9
모가디슈,정말 재밌게 잘 봤습니다 후반부터 심하게 울고 마지막에 거의 오열해서 ㅠ 끝나고 자막 다 올라갈때까지도 못나갔어요 극장에서 나 혼자 운 것 같고 쩜 민망하네요 아무튼 5점 만점 드립니댜 ㅠㅠ,10
모가디슈,조인성김윤석팬이지만 감독이 싫음..군함도에서 너무 실망..그뒤. 믿고거르는 감독임,2
클릭,정말 감동적인 영화입니다....ㅠㅠ정말 주어진 지금 순간순간을 소중하고 감사하게 주위사람들을 사랑하면서 살아가겠습니다!,10
블러드 레드 스카이,재밌았는데.. 좀비영화인데 신박했음,10
갈매기,왜 대상 받았는지 알것 같아요 연기부터 연출까지 정말 완벽합니다... 이게 영화죠 독립영화라ㅜㅜ 더 많은 상영관을 갖지 못한것이 아쉽기만 하네요,10
더 수어사이드 스쿼드,역시 제임스건,8
블러드 레드 스카이,애새0 때문에 망한 영화 처음부터 끝까지 발암 캐,1
더 수어사이드 스쿼드,데드풀을 뛰어넘는 병맛 히어로물!!!뭐 하나 모자란게 없는 올해 최고의 오락물 특이 샤크 골때림 ㅋ,9
모가디슈,심장쫄깃하게 너무 재밌게 잘 봤어요 ㅠㅠ 끝에서 너무 슬펐고 가슴이 먹먹 ㅠㅠ 감독님 그리고 배우님들 멋진영화 너무 감사합니다!!,10
다만 악에서 구하소서 파이널컷,오랜만에  시간 가는줄모르고 봤네요^^  너무재밌게 봤습니다,10
블루 재스민,그녀의 경험은 인생에 가장큰 충격이였을 것이다.  과거를 잊을수는 있어도 남겨진 것은 타인에의해 발견된다,10
모가디슈,몰입감민족의 현위치스토리와 감동 모두 좋음,10
해어화,내내 소율에 이입하면서 볼 수 밖에 없었고 끝나고 보니 눈물 콧물 다 빼고 있었다… 인생영화중 하나가 될 거 같지만 감정적인 여유가 있을 때 큰 마음을 먹고나서야 돌려볼 것 같다. 그만큼 무게감있는 영화였다.,9
시리어스 맨,알 수 없는 인생 답을 찾으려 하지말란 듯 하지만 더욱 많은 물음표를 남기게 하는 영화.,8
모가디슈,시간가는줄 모르고봤네요. 실제상황같은 세트와 현장감.,8
올드 가드,너무 재밌다 2 기대됨 ㄹㅇ,10
살인자의 기억법,재밌어요 적절한 코믹요소도 있고 연기력도 좋음,10
여고괴담 여섯번째 이야기 : 모교,vod로 나와서 돈주고 봤는데 돈이 너무너무아까워서 분노가 차올라서 잠을 못잤음...ㅋㅋㅋ그정도임 진짜 돈줘도 보지마세요. 시간아까움. 정신산만하고 어수선하고 하나도 안무서운 영화 졸작중의 졸작이다 진짜 발로 편집했나봄. 진짜 개구림,1
모가디슈,누구랑 보던 실패없는 영화. 너무 재밌게 봤습니다! 극장에서 보시는걸 추천해요 ㅜㅜ!,10
순수의 시대,신하균 연기에 너무 감동,10
국제시장,걍 신파 그이상 그이하도 아닌,6
원스 어폰 어 타임... 인 할리우드,왜 제목이 원스 어폰 어 타임 인 할리우드 인지 알겠다... 마지막까지 맘 조리게 해놓고선 이이이이잉?,7
발신제한,각본이 미흡했음 배우연기는 보통,6
발신제한,더테러라이브 범인 탈옥함?ㅋㅋㅋ그냥저냥볼만함,6
모가디슈,구교환 배우 인상 깊었습니다 강추!!,10
버닝,감독 연출 연기 다 최고의 작품임정말 가득 담아서 보여줬으나 선택해서 받아들이면 되는 영화,9
돌멩이,감독이 착한병에 걸려서 출연자 전부 나쁜놈으로 만들었어요. 고구마 한 100개 먹은듯.,2
브이 포 벤데타,상식과 상징에 관한 이야기. 상식은 보편에 있고 상징은 신성불가침이다. 그리고 이 둘은 다르지않다. 민주주의는 보통사람들의 자유로 상징되며 그 의미의 표상으로부터 진정한 민주주의가 시작된다. 상식의 수호는 누군가 위대한 사람의 고귀한 행위로부터 시작되는게 아니다. 조작된 이념적 헤게모니로부터 부조리를 인식하고 배경앞으로 나와서 행동할 때 변화는 시작된다. 한 번 밖에 안봤지만 왜 지금 이탈리아에서 백신 인증서를 거부하고있는지 알 것 같다는 생각을 하게된다. 또 봐야지,10
가구야공주 이야기,부드러운 일본스런 이야기~,8
조 블랙의 사랑,브래드피트는 너무 잘생겼다. 홉킨스는 정말 멋있다.,9
그린 나이트,눈에 보이는 의미 보다 뭔가 더 있는 것 같다. 자연에 대한 자유의지와 결정론이 언뜻 보이기도 하고 의미와 무의미 기독교적 관점 그리고 심지어 윤회 같은 것이 보이기도 한다. 참 여러 생각을 하게 만드는 영화 였다.,9
반도,이게 뭔지 싶다좀비조연의 매드맥스를 꿈꾸고 만들었고부산행의 기대감으로 흥행에 도움을 받으려했으나 퀄리티는 나락행그저 멋지고 싶은연기 2010년대 초반에 출시된 레이싱 게임 인트로와같은 조잡한 cg억지 신파어디서 본듯한 줄거리 뻔한 한국영화이상한 조합그나마 나은건 악역의 연기로 캐리될뻔했으나 이미 기대를 심어놨던 부산행 2 의 이미지와는 전혀맞지않은 모든게 다 발목을 잡은 총체적난국,1
모가디슈,신파없고 액션 좋고 연출 좋고깔끔 그 자체 꼭 보세요,10
모가디슈,모든 배우님들 나무랄데 없는 연기에 박수를!!연출 스토리 연기 감동 잔인하지 않아 더 좋았다돈이 아깝지 않은 영화,8
크루엘라,엠마스톤 예뻐요!!!,10
더 수어사이드 스쿼드,너무 어설프고 유치함… 피식하면서 봤다는 평이 있던데 전혀… 몇 년만에 보다가 졸았을 정도.. 시간 아까웠음,6
국가대표2,다시봐도 눈물지뢰임 수애연기좋음,10
그린 북,대립과 공존. 잔잔한 감동 속 흐르는 피아노 선율이 매력있네요. 추천합니다.,10
더 그레이트 샤크,어마어마하다 진짜하..,1
모가디슈,류승완이 류승완했다. 안 볼 이유가 없음.,10
모가디슈,ㅈ노잼 거릅니다ㅡ 111ㅡ,1
방법: 재차의,모가디슈 따위가 1위 관객 많이 든다는게 이해가 안간다. 모가디슈 따위보단 훨 낫다. 드라마 원작?이라서 진입장벽이 있고 그거때문에 호불호 갈리고 관객수도 적은거 같던데 드라마 뭔지도 모르고 노관심인 1인이 관람했지만 상관없다 볼만하다 레알 모다디슈 따위보단 훨 나음. 다만 여자애 등장해서 퇴마?하는 순간부터 뭔가 연출이 영화스럽지 않고 티비서 많이 틀어주는 드라마들 연출같다고나 할까? 영화스러운 스케일이 아닌 티비드라마 스러운 좀 허접때기 같은? 막판에 끝판왕? 등장하고 나오는  cg연출도 그렇고. cg가 얼마나 실감가고 잘되고 어색하지 않고 그걸 떠나서 연출 자체가 영화스럽지 않고 허접때기 스러움. 그것도 그렇고 누군가 말대로 다소 유치스럽고 판타지스럽다는것도 맞음 결말이 좀 그럼. 그래도 뭐 큰 기대없이 정말 볼거 없어서 심심해서 각오?하고 봤는데 모가디슈 따위보단 훨 재밌고 생각보다 볼만했음. 수습기자? 어색한 연기가 반전이었는데 분장이 그래서 그런지 동남아 스러운거 같기도 한데 찾아보니 한국 연기자? ㅎ 그리고 오윤아 많이 늙었는데 연기 잘하는거 같음 굿~ 김인권은 특유의 오바스러움 튀는것 없이 자연스러운건 좋은데 비중이 너무 없어서 아쉽,6
감시자들,재미있게 봤어요. 굿~~,10
엑스 마키나,너드 주인공때매 걸출한 인재인 회장만 죽음....AI년이 궁극의 악임....내가 40평생 수많은 영화를 보면서 실제로 스크린에 들어가서 죽여버리고 싶다는 생각을 들게 만든게 바로 이 영화 악역인 AI년임ㅋㅋ 진심 100년 영화 역사의 최고의 악역이 바로 이 영화 AI년일꺼다 ㅋㅋㅋ 멘탈 약한분들 보지 마셈 ㅋㅋㅋ,1
과속스캔들, 재밌게 봤습니다^^별10개,10
원스 어폰 어 타임... 인 할리우드,타란티노 특유의 색깔은 좋다만 끝맛이 좀...영상은 예쁜데 허무하다. 취향차이,4
악마는 프라다를 입는다,사회 초년생이 꼭 봐야할 영화,10
암살,일제에 맞서싸운 독립군이야기 하지만 우리민족을 학살한 인민군의 최전선에는 김원봉이 있었다,10
실버 스케이트,흥미진진하고 러시아특유의 계절 의상 재현이 잘된거같아요,10
극장판 귀멸의 칼날: 무한열차편,과하다...내겐 2기로 넘어가기 위한 연결고리정도,6
더 수어사이드 스쿼드,냠냠밖에기억안남 ㅋㅋ,10
악인전,호쾌한 액션신이 눈을 즐겁게 하네요,10
더 라스트 머시너리,아들을 꼭 구해야 하나… 아오… 액션만 보고 싶었다,6
더 수어사이드 스쿼드,킬링타임용으로 봐줄만함이런 영화에 감동 스토리를 논하는거 자체가 모순아닐까??,10
맨츄리안 켄디데이트,마지막이 저게 뭐람영 별로임,4
블랙 위도우,볼거리도 풍부하고 스토리도 나름 괜찮았어요. 마블 잼.,10
극장판 도라에몽: 진구의 신공룡,마지막장면에 큐가 나는모습을 보고 울커:(그리고 진짜 포인트는 진구가 마지막장면에서 철봉매달리기를 성공한것이다:)큐랑뮤 좋은 친구만나서 행복했음 좋겠다:),10
은혼 더 파이널,내 인생 최고의 애니 은혼 너와 함께 나이를 먹었고 너와 함께 인생을 걸어가 나는 성인이 되어 직장을 자리잡았다. 비록 너는 끝일지언정 나는 나의 길이 또 있다. 함께해서 고마웠고 또 잊지 않을것이다.,10
너의 췌장을 먹고 싶어,재밌습니다 스토리도 정말 좋아요,10
콜 오브 와일드,벅 같은  개 키우고싶다..,8
보스 베이비 2,1편보다 훨씬 재미있게 봤어요~~!,9
고질라 VS. 콩,극장에서 봤다면 더 멋있었을 듯. 화려함 그 자체.,10
긴급 명령,말이 필요없음. 무조건 봐야함^^,10
정글 크루즈,생일이라 이거 봤는데 내용도 되게 재밌었구 개그도 좀 들어가서 웃겼던 것 같아요! 효과음이나 브금이 딱 디즈니 특유라 더 좋았어요,10
모가디슈,잼있어요올만에잘뵛습니다,10
아이리시맨,남자들의 세계에서 살아남은 한 남자의 덧없는 삶.,5
건축학개론,9년이나 지났는데도 아직도 여운이 남아서 찾아보게된다.,10
모가디슈,정말 오랜만에 돈내고 영화 보고 기분 좋았어요 아이들과 보아도 역사적인 사실이라 좋았고 현장감이 생생해서 보는동안 김장감도 좋았고 곳곳에 감초같은 코믹요소도 자연스럽게 녹아들어 막지막까지 만족감 높은 영화 였습니다 이런 좋은영화 만들어 주셔서 감사합니다,10
정글 크루즈,이런 영화는 일년에 하나씩 나와줘야 한다,7
랑종,아쉬운점은 있긴하지만. 그냥저냥 볼만했어요,6
아쿠아맨,와우 굳 영상미,10
랑종,개인적으로 난 재밌었다 평점 낮아서 아쉬운데 어떤 부분에서 기괴함을 나타내고 보는 사람에게 얼마나 찝찝하고 서늘한 기운을 주려고 하는지 알 것 같았다 그리고 그 기운이 낯설어서 자칫 잘못하면 기분만 나쁠 수 있는데 나름 뭐 볼만했다 지금까지 본 공포영화 중에 이건 찐이구나 싶었다 ㅎㅅㅎ 진짜 완전 집중해서 보면 개쩜,10
더 수어사이드 스쿼드,똘끼는 데드풀 이상 재미도 데드풀 이상 수위는 데드풀의 이십배제임스 건이라는 감독이 얼마나 똘끼 넘치는 천재인지 잊고 있었다 ㅋㅋ,10
블랙 위도우,마블 아니었으면 5점이나 받았을까 싶은영화,1
블러드 레드 스카이,이 영화는 부모인 사람과 그렇지않은 사람들이 봤을때 느끼는바가 많이 다를꺼같아요 아이들이 있는 저로서는 중간에 자식임을 잊지않고 엄마찾는 아들을 어떻게든 떼어내려고 하고 절규하는 엄마흡혈귀 모습이  찡했습니다,8
승리호,볼만함 스토리는아쉽 아아,10
모가디슈,간만에 괜찮은영화 추천이용,10
워크 투 리멤버,이런 것이 사랑이라면 나도 해보고 싶다고 처음으로 생각하게 해준 인생영화. 슬프지만 너무 아름답고 찬란한 이야기,10
더 룸,여운이남는 영화 꼭 보세요..,10
변신,비록 오컬트라는 장르 영화 특성상 예측 가능한 클리셰 범벅이긴 했으나 가족 내에서 일어난다는 소재도 신선했고 배우들 연기도 너무 좋았고 초반 연출과 스토리도 너무 좋았는데 앞에 뿌려놓은 여러 대형 떡밥들을 거두지 못 하거나 활용을 잘 못 해서 아쉬웠습니다. 후반부를 조금만 더 잘 다듬었으면 정말 괜찮은 영화였을 거 같습니다.,7
"조제, 호랑이 그리고 물고기들",이별이라는 술을 거하게 마시고 난 다음날 숙취같은 영화,10
엑시트,핵노잼 간만에 이렇게 재미 없는 영화는 오랫만,2
모가디슈,영화보다 더 영화같은 실화라니!!! 속초롯데시네마에서 봤어요.오랜만에 재미나게 시간가는 줄 모르고 봤네요.,10
드럼라인,주인공보다는 그를 받아들여가는 다른 인물들을 응원하게 되던.,6
오케이 마담,이 정도면 시청료를 받아야,2
더 수어사이드 스쿼드,상상하지마라 그냥 봐라,8
후 아 유,20대에 처음보고 30대를 거쳐 40대에 다시 보니 그때 그 멋과 감동이 느껴진다...어렴풋하던 그 시절의 감성이 다시 살아난 계기가 영화한편이라.. 아니 한편의 영화가 주는 확실한 힘을 느낀다. 다시또 시간이 흘러 보고픈 영화. 감사할 일이다.,9
더 수어사이드 스쿼드,댓글 알바  천지네요 저는 재미없게 본 영화만 평점 다는데  살아있다 다음으로 드디어 평점다는 영화가 나왔네요. 이제 네이버 평점 못믿겠습니다. 19세라서 킹스맨 데드풀 느낌 기대하고갔지만 개똥입니다. 마블과 dc의  격차가 엄청나다는걸 느끼게해주네요. 엉성한 개연성 너무 많아서 보다 지루할정도의 액션신  뻔한 스토리. 만약 어쩔수없이 보시게된다면 마음 편히보세요 그리고  영화끝나고 아 단돈14000원으로 나중에 볼뻔했던 dc영화들 거를수있겠구나 하면서 만족하시면 됩니다.,1
크루엘라,아이랑 봤는데 넘 재미있게 봤어요아이랑 보기에도 좋고 넘 재미있고  특히ost가 좋았어요  1번더 봐도 재미있게 볼수있을거 같아요,9
"당신, 거기 있어줄래요",애플페북아마존...아니면 삼성전자라도 사라고 클럽 다니면서 주지도 않을 상련들 동고좀 그만 빨고 다니라고....말해주고 싶다,10
더 수어사이드 스쿼드,그냥 부수고 자르고 터지고 모든 사이코짓을 볼수 있는 영화 재밌음,10
고고70,이영화를 이제야 보다니..특히 노래가 정말 좋다...정말 신나!,10
CCTV,1점도 아깝습니다. 12년전에 만들걸 지금 개봉해서 와 처음에 흑백 화면만 나와서 느낌 싸했는데 와 만원 버렸네요. 12년전 영화로 해운대 김씨표류기 인걸 봤을때 이건 진짜 코로나 틈타서 끼워서 개봉한거 같은데 네이버영화에 재개봉이라고도 안뜨고 개봉이라 떠서 속았네요. 포스터만 봐도 곽도원이 큰 역활할 줄 알았는데 포스터로도 속이고 진짜 2021년 최고의 뒤통수네요. 관객들 불만을 야기시킬려 하는거면 100점 드립니다. 성공하셨네요.,1
모가디슈,다들 연기를 너무 잘함 구교환 너무고생했겠다싶고..너무 몰입하며 봐서 그런가 집에 무사히 돌아갈수있는게 참 행복이구나 생각되고..,10
미드나잇 선,여자주인공처럼 아픈 입장이 돼서 보니까 마음이.. 뭔가 말로 표현이 안 되는 감정이지만 그래도 씩씩하게 잘 지내야겠당?건강하게 행복하게 예쁘게 하고싶은 거 다~~~~하면서 오래오래 살자. 나 자신아.그리고 결론은 남주가 너무 멋있다...?♀?,10
정글 크루즈,아이랑 봤는데 좀 지루하네요....조금 로맨스가 있어서 아이랑 볼때 조금 그랬어요...,3
더 수어사이드 스쿼드,미친ㅋㅋ마고로비는 매력적이고성인용 전대물과 좀비물을 섞어버린미친 기획이네ㅋㅋㅋ,10
정글 크루즈,디즈니는 믿고보지만 너무 캐리비안해적같았음,1
더 수어사이드 스쿼드,간만에 보는 재밌는 영화,8
모가디슈,간만에 스릴 넘치는 영화 잘 봤습니다.실화인데도 루즈함 없이 봤어요.,10
블랙 위도우,시즌 2도 나옴 조켓음무튼 더 조았음,10
더 수어사이드 스쿼드,한마디로 쓰레기에 보는 내내 시간이 아까웠음,4
블랙 위도우,마블 영화중 인생영화 굿즈안사는데 처음사봄,10
야쿠자와 가족,현재 일본깡패들의 현실을 그야말로현실적으로 보여주는 영화.전체적으로 재미있게 봤다.,8
모가디슈,하…존112나재밋어,10
낙원의 밤,대체적으로 재미있다.차승원 ㅎㅎ 연기 잘한다.,8
세자매,눈물이 멈추질 않는 ..너무 리얼해서 불편한  ..배우들 연기 좋아요. 좋은 영화네요.,10
펄프 픽션,시간 구성 뒤틀어 놓은점 외에는 배우들이 다 했다. 94년 칸 영화제때 다른 좋은 작품도 많은데 왜 이 작품이? 심사위원장이 미국인이여서 그랬나?,1
모가디슈,재밌음 예고를 전혀 안 보고 가서 놀랐는데 잘 봤습니다. 생각이 많아지게 되네요,10
모가디슈,류승완 감독님  멋진 영화 만들어줘서 고마워요코로나상황에서 갑갑하게 지내다가 영화보고 힐링했네요 김윤석 조인성 허준호님 연기도 멋졌고 구교환님 연기 쩔었어요1000만넘었음 좋겠습니다,10
모가디슈,꼭보세요 ㅠㅠ너무너무 재밌었어요 ㅠㅠ뭔가 실화같고 여운이 아직 남네여,10
모가디슈,추천합니다! 배우들 연기 합도 좋았고 억지신파 없어서 재밌게 잘 봤습니다.,10
국제수사,충청도 사투리 왜 이렇게 듣기 싫지? 와~ 정말 극혐 사투리네. 충청도 사투리 때문에 집중이 안됨. 끝,1
발신제한,진짜 짜증나 평점알바들때문에 사기당했어,1
더 수어사이드 스쿼드,초반 욘두브라덜 등장그리고..헤임달 횽아가 대충스토리 끌고감기존 마블 유니버스와는 다르게 너무 너무 케릭터의 개성이라든지 고딴게 뚜렸하지 않아서 그닥 참 잘한건 할리퀸이  확 이목을 안끌게 만든거며은근 dc무비지만 이감독 똘끼 있는지 마블출신  배우 3명을 캐스팅 하고 그중1명은 초반에 저세상으로..스토리는 기대금물 할리퀸 팬들은 그닥그리고..딱 이영화 끌고가는건 헤임달 브라덜과 유캔씨미 외치던 좃아니 존씨나 햄일단 드라마로 피스매이커 우찌 만들지 기대중 그리고 불만은 쿠키가 넘 늣게 나온다는거일단 이영화  시작으로 하나하나 매력있는 케릭터 싱글영화 만들고이후 빌런과 배트맨 슈퍼맨 맞짱뜨는 영화 나오길할리퀸이랑 캣우먼 맞짱뜨는거라든지아쿠아맨이랑 샤크킹 스토리라든지퍼니셔랑 해임달 브라덜 이라든지ㅋㅋ,5
모가디슈,와 이제까지 조인성님 연기 별로라고 생각했던 사람인데 경찰이랑 신경전 벌일때 너무 멋있었음 연기 짱짱맨 다른 배우들님들은 말할것도 없고 마지막 대조되는 연출들도 멋있었음 근데 옆에 커플 예티켓 안지키고 쪽쪽댜고 만져대는거 그럴거면 호텔가라 영화관에서 그러지말고,10
당갈,인도영화에 사실 별관심이 없다가 동생의추천으로 보게되었습니다.긴 시간에도 불구하고 1분1초가 지루하지않고 재미있고 감동적입니다.,10
이터널 선샤인,평점들을 보면 으레 이 영화를 온전하게 이해하고 느끼는 때가 있으며 그런 순간이 온다고 한다. 그러기에 나는 아직 어리고 누군가를 좋아하는 마음 누군과의 관계에 있어서 성숙하지 못한 것 같다. 언젠가 이 영화를 다시 꺼내 보았을때 나에게 더 깊게 와닿는 그날이 오기를 바란다.,8
"그 시절, 우리가 좋아했던 소녀",평점이 너무 좋아서 기대를 많이했나봐요 서툴럿던 어린시절을 잘 표현했지만 나랑 정서는 안맞는걸로,6
더 수어사이드 스쿼드,DC판 데드풀과 가디언즈 오브 갤럭시. 마고 로비는 세상에서 가장 아름답다.,7
핸콕,딴사람들이 말하는 중반부에 끝났으면 그냥 개 식상한 히어로물일텐데..과연 정말 스토리가 그렇게 끝났으면 10점을 줬을까?난 전혀 예상하지 못한 스토리가 나와서 오히려 100배 재밌었음,10
레이디 맥베스,연기 겁나 잘하네?ㅎㅎㅎ,8
사라진 밤,반전은 좋은데 왜 하필 형사 와이프를 뺑소니했나 억지설정이다,6
블랙핑크 더 무비,블랙핑크 5주년 진심으로 축하해 우리 블링크가 항상 너희 곁에 있을게?? BP IS REVOLUTION,10
더 수어사이드 스쿼드,간간하게 나오는 코미디와 정말 멋진 액션에 영상미까지 너무나도 재밌게 봤어요,10
베스트 오퍼,김용건 때문에 본 영화 역시  ㅋ,6
방법: 재차의,ㄹㅇ꿀잼 10글자..,10
러브 액츄얼리,평점 10점 만점중 9점.. 1점이 모자란 이유는 여름에 보고 있는 내 자신한테 아쉬워서...,9
더 수어사이드 스쿼드,와... 진짜 핵노잼이에요.돈아까워요. 조만간 다운 받아보세요.모가디슈 볼걸 백번 후회함.액션영화가 이렇게 지루한건 살다살다 처음;;;,1
모가디슈,스토리도 좋고 연기도 좋고 감동도 적절하게 있어서 너무 좋았ㅇ음 .. 간만에 재밌는 한국영화 !!!,10
소공녀,현실적으로 본다면 무척이나 어렵게 사는것은 알겠는데 여주의 행태를 보자니 등장 캐릭터 중 제일 미성숙하고 개선의 여지가 없어 보여 동정조차 가지 않음. 다만 한 인물의 캐릭터가 아닌 현대인의 여러 어려움 -집 돈 인간관계 워라벨 등- 을 함축해서 보여준 것이라고 한다면 공감의 여지가 있기도. 억지로 동정을 구하려 하지않고 간간히 보여주는 위트 등 연출력의 승리,6
발신제한,모든면에서 엉망이지만 젤 웃꼈던 부분이 폭탄제거아줌마가 딸보고 가자고 할땐 온몸을 다해 미친듯이 버티더니 지창욱이 가자고 손 잡으니까 순순히 따라감ㅋㅋㅋㅋ,1
천녀유혼,그냥 good이지 호들갑 떨 정도는 아닙니다~!,6
모가디슈,인생에 노잼시기가 와서 그 좋아하던 영화나 드라마에 흥미를 잃었었는데 6개월만에 모가디슈 보고 살아났어요 ㅜㅜ 연출이며 내용이며 연기력이며 음악이며 정말 사람이 만들 수 있는 작품인가 싶었습니다 정말 생각이 많은 저도 몇개월만에 현실에서 벗어나 영화속에서 푸욱 빠져서 봤어요 호불호 절대 안 갈리고 제가 지금까지 본 영화중에 그아아아아장 역대급 여운과 너무 벅찼던 영화 입니다 전 또 보러가려구요 보고 왔는데도 또 너무 보고싶어요 ㅜㅜ 감독님 정말 사랑합니다 그리고 배우분들 연기력이 미쳤어요 엄청 놀라고 엄청 울고 엄청 웃었던것 같아요 고삼이라 정말 오랜만에 영화 본 거 였는데 모가디슈를 봐서 다행이에요 흥했했으면 좋겠다기 보다 흥행 안 하는 게 이상한 영화 입니다 꼭 보라는 소리는 안 하고 싶네요 안 보는 사람들만 손해라 최고에요 진짜 감독님 정말 영화 다운 영화를 본 것 같아요 ♡♡♡♡( 여러분 그리고 조인성이 작살나게 잘생겼습니다 제 심장 만번은 쥐고 흔든것 같아여 하 사랑해요 조인성 살면서 보게 된다면 ... 좋겠네여ㅎ) 모두 최고의 영화를 만드시느라 고생많으셨습니다 ♡♡♡♡,10
유랑지구,후속작 나왔으면 좋겠다,10
어벤져스: 엔드게임,긴말 필요없이 걍 개 지리는 영화,10
블랙핑크 더 무비,역시 블랙핑크는 기대를 저버리지 않는다 ㅎㅎ보고싶어요!!,10
"그대, 고맙소 : 김호중 생애 첫 팬미팅 무비",이건 내려가야 마땅함,1
이스케이프 룸 2: 노 웨이 아웃,차기작을 위한 루즈한 스토리 그치만 액션은 좋았다,8
꽃다발 같은 사랑을 했다,누구나 한번쯤은 꿈꿔본 행복 누구나 한번쯤은 겪어본 사랑.아름다운 색깔과 향기를 가득 담고 있는 꽃다발. 매일 차가운 물로 화병을 채워 꽃다발의 처음 싱그러움을 간직하고자 노력해도 결국은 시들어간다.꽃다발이 시들면 어떻게 할것인가?쓰레기통에 버릴 것인지더이상 처음의 그 향과 색은 존재하지 않지만 그 안에 담긴 기억을 드라이플라워로 오래도록 간직할 것인지.선택과 노력은 그 사람의 몫.,10
모가디슈,기존 한국 영화와는 또 다른 느낌,8
모가디슈,빨갱이 영화인가?  북한과의 화합..?,1
스물,웃으면서 재밌게 볼 수 있었고 이유비 존예,8
열혈형사,보는동안 평점을 검색할 정도로...기차안 싸움신에서 여자역무원의 폰질과 말타고 총싸움에 어설픈 신과 중간 중간 경찰의 진지할순간 보여진 미소 난 폰으로 찍는 유튜브인줄..,1
더 수어사이드 스쿼드,최곱니다. 꼭 보세요.,10
모가디슈,한국영화에 항상 있는 클리셰(?)적인 요소가 없어서 깔끔하게 감상할 수 있었던 영화,10
정글 크루즈,신나는 모험으로 여름의 느낌이 나는 영화,9
콰이어트 플레이스 2,관객도 숨 죽이며 보게 된다 아쉬움 부분도 있지만 이런 소재에 이정도면 훌륭,9
제8일의 밤,이게 무슨 내용입니까... 영화가 너무 힘드네요ㅠ 하아 내시간..,1
랑종,무서워요ㅜㅜ심각하게무섭,10
모가디슈,한국영화라고는 믿기힘든 연출력! 연기력이야 뭐 믿고 볼 수 있는 영화입니다. 실화를 바탕으로 최대한 담백하게 그렇지만 감칠맛 나는 영화였습니다. 러닝타임이 긴게 안느껴지네요,10
더 수어사이드 스쿼드,1편에 비해 저질이 됐음.감독 각본도 별로고 음악도 별로임할리퀸만 너무 띄우고 뒤죽박죽 재미없습니다~~,2
모가디슈,10점 믿지마라 알바들이다,2
블러드 레드 스카이,진짜 올해 최대의 발암 영화 진짜 제발 보지마세여 제발 짜증만남,1
모가디슈,조인성은 진짜 오우….,10
루카,지금껏  본  애니중에 최고입니다 .2번째보는중입니다 영상미도 좋습니다!2탄이 나았으면 좋겠어요.,10
워스, 911 테러와 같이 우리나라에서도 엄청난 일들이 여러 번 겪어 유족들의 얘기에 자연스럽게 이입하여 같이 슬퍼졌다. 내 마음은 슬펐으나 생명의 가치를 논할 때 내 머리는 이해를 해서 나는 착잡했다.  911 테러로 소중한 사람을 잃거나 다친 사람들의 이야기와 그렇지 않은 사람들 그리고 무정한 현실의 셈법을 영화 한 편에 다 담기에는 벅차보였다.,7
프로메테우스,SF 스릴러의 수작. 두고두고 볼수록 깊이가 느껴지는 작품.,10
모가디슈,나름..연기자들이 살린듯..스토리는 예상가능했고..여튼 그래도 재미는 있네여..,8
오아시스,편견의 무서움을 느꼈다. 나또한 안 그럴려고 하지만 그렇게 살고있는건 아닌지..이 영화에 설경구 문소리 배우는 연기가 아닌 실제 그사람들이었고 따뜻했고 미안했다.,10
블랙 위도우,진짜 ost 나오면서 나왔던장면이 레전드,10
더 수어사이드 스쿼드,블랙위도우가 더 볼만하다.언더우먼이 더 볼만하다.,2
더 수어사이드 스쿼드,1보다 확실히 재밌음 액션 좋고 연기 좋음 잔인한거 싫어하시면 보지마세요,10
빽 투 더 퓨쳐,꿀잼임 초반에 이게 뭐야?? 이러다가 하나에 사건부터 개꿀잼됨,10
그린 나이트,연출과 음악이 특히나 인상적이였던 영화!,10
블랙핑크 더 무비,영화가 끝난 지금도 가슴이 벅차오른다. 더쇼 못봐서 아쉬웠는데 더쇼랑 서울콘서트 교차편집한거 진짜 대박이고. 큰 화면 큰 소리와 함께 4DX로 진동까지 같이 느껴서 진짜 콘서트 다녀온 느낌이다. 마침 딱 오늘이 블랙핑크 5주년이라서 더 뜻깊다 :) BLACKPINK IN MY AREA,10
히트맨,갠적으론 극한직업보다 더 재밌어요간만에 배꼽 빠지게 봤네요,8
모가디슈,간만에 제대로 된 영화보고 왔어요,10
모가디슈,갑자스러운 신파와 액션의 연결이 아쉽다그럼에도 정상급 배우들의 연기는 볼만했다.,7
미스트,살짝 허탈한 결말을 감안하더라도 역대 Top 10 괴수물에 반드시 포함되어야 할 영화! 긴장감이 압권임!!,10
아이스 로드,리암니슨이란 대배우 말고 다른 배우 쓰고 그 제작비로 영화에 더 투자했으면 A급 영화가 됐을거 같음,7
더 수어사이드 스쿼드,제임스건 특유의 연출 진짜 끝내주네요,9
더 수어사이드 스쿼드,이게 실화였다니 믿을수 가 없네요 ㄷㄷㄷ 양키놈들 ㄷㄷㄷ,10
모가디슈,리뷰첨남겨봅니다! 다만악도 엄청 재미있게 봤는데 비슷한 느낌으로 긴장의 끈을 놓을수 없음.. 두시간 러닝타임이 순삭 !! 강추해요,10
모가디슈,오랜만에 재밌는 영화를 봤습니다!,10
더 수어사이드 스쿼드,간만에 시간 가는줄 모르게 봤다.캐릭터 한명 한명이 개성이 넘쳐 재밌다.D.C영화도 다크나이트 조커 이후로 하면 된다는 것을 보았다.그런데 평점 1점 테러 박은 넘들은 영화 제대로 보긴 한거냐??,10
더 수어사이드 스쿼드,노잼 매우 노잼이다ㄹㅇ 비추,4
분노의 질주: 더 얼티메이트,다음 시리즈 목빠지게 기다겠습니다.,10
바람의 검심 최종장: 더 비기닝,사극 감독이 만들어서 그런지 시대극 분위기 제대로 연출함. 솔직히 팬심으로 실사 영화 시리즈 봤지 영화 자체만 놓고 보면 별로라고 생각했는데 비기닝은 시리즈 중 가장 수작일 뿐 아니라 근래 나온 일본 영화 중에서도 잘 만든 편.원작뿐만 아니라 대하드라마 신선조 추억편 OVA에 대한 오마쥬도 자연스렇게 들어가면서도 독자적 해석과 연출도 과하지 않고 적절해서 감독이 이 편을 본인 필모 중 최고 명작이었던 료마전 급으로 뽑아내려고 작정했단 느낌이 들었다.일본 막말 시대물 마니아 원작팬 배경지식 제로베이스의 관객까지 모두 만족시킬 만하게 잘 만듦. 캐스팅도 거를 타선이 하나 없음. + 아리무라 카스미는 순둥하고 둥글둥글한 인상이라 원작의 도모에 캐릭터의 쿨뷰티 이미지랑은 안 맞는 미스 캐스팅 아닐까 싶었는데 보고나면 도모에역 배우의 아련한 분위기가 가장 기억에 남음.,10
모가디슈,오랜만에 재밌게 본 영화 연기 최고,9
초콜릿,수채화 같은 영상에 프랑스 마을을 한껏 느꼈어요 내용과 배우들 다 좋았어요 조니 댑 눈빛..달콤한 영화예요,10
행복한 라짜로,종교적 소재와 철학적 의미를 투영시켰지만 현실적인 내용만을 여과없이 그대로 보여준다. 현대적 해석으로 감동과 재미를 중점으로 삼은.. 이 작품을 만든 감독은 천재다!,10
나만 보이니,별 반도 아까움 살다살다 영화보다 화난건 처음노잼내용이 없음,1
모가디슈,오랜만에 보는 한국 영화 그리웠다 재미있었다한국에 산다는건 행복한거다,10
비밀의 정원,담담하게 표현했지만 끝나지 않는 드라마,9
모가디슈,정말 너무 재밌었고 감동도 있었습니다..♡,10
모가디슈,진짜 개개가가가ㅏ개재밋어서 강추  오랜만에 넘 재밋는 영화 ㅠㅠㅠㅠ,10
더 그레이트 샤크,ㅁㅊ OOO기 영화 영화도 아님 이건,1
모가디슈, 코로나 터지고 영화관을 자주 안 갔어서 간만에 영화관에 가게 된 거라 많이 기대하고 봤는데 너무 재밌게 봤습니다~ 정만식 배우님 나온다고 하시길래 봤는데 스토리가 감동도 있고 흥미진진해서 좋네요! 실화 기반이라 그런지 더욱 몰입해서 볼 수 있었던 것 같아요,10
클로버필드 10번지,와 뭐냐 이 긴장감은…..,10
모가디슈,현장의 생생함을 느끼려면 극장에서 보길 강추합니다 시간 순삭,10
양지의 그녀,끝까지 넘 좋았어요. 냥이 키우고 싶어지네요,10
인턴,너무 따뜻하고 .. 위로되고..힐링되고..정말 너무좋네요.. 여러번 울컥하더라구요 ㅠㅠ ..연기도 최고에요!,10
형,내가 감동적인 영화 좋아하는데.. 이 영화는 너무 뻔하고 오버스럽다,4
정글 크루즈,보기 전엔 시리즈화 했으면 좋겠다 싶었는데 보고 나니 단편으로 끝날 것 같아서 다행이다 싶은 영화. 드웨인존슨과 마동석은 캐릭터 낭비를 그만할 필요가 있다,1
모가디슈,뭔가 느낌이있는 영화 조인성님 대박웃김♡,10
내가 살인범이다,마지막 장면밖에 못봤다 나중에 다시봐야지,10
모가디슈,역겨운 북한 미화 영화. 올바른 안보를 가진 사람이라면 보는 내내 불쾌할 수 밖에 없음. 억지 감동도 진짜 역겨움,1
특수부대 전랑2,액션은 그럭저럭인데 지나친 람보 연출과 국뽕이 마이너스,6
장난스런 키스,서브남 개아까움.. 여주 사겨줄거 아니면서 대놓고 어장관리하거 서브남 진심으로 대하는데 그냥 남주만 보느라 정신을 못 차림;; 제일 불쌍,6
모가디슈,진짜 이거 재밌다는 알바생들 양심있냐?,2
너의 결혼식,그래 사랑은 타이밍이지,9
더 수어사이드 스쿼드,난잡함 그 자체. 툭툭 끊킴. 영상미는 보통이상. 스토리가 중구난방,6
누구의 딸도 아닌 해원,흔한 홍상수영화인데 여주인공의 연기력이 좀 어색함,5
더 수어사이드 스쿼드,성인용 영화라는 것을 보여주기위해 잔인한 장면들이 꽤 나온다. 뻔하지 않도록 반전에 반전을 더했다. 정와 사회적 분열과 부익부빈익빈이  심각해진  미국의 모습을 비유 및 풍자하는 느낌도 든다. 평화를 지키려는 미국(?)  대표 악당들이 뭉쳐 그들만의 방식대로 정의를(?) 이루는 영화로 일반적인 히어로물에서 탈피하려는 모습이 엿보였다.그리고 역시 할리 퀸이다. 왠지 크루엘라가 생각난다. 유쾌한 할리 퀸의 존재감과 영향력이 큰 영화같다.,9
모가디슈,이번년도 인생 최애영화 만들어주셔서 배우 감독님 감사해요!,10
더 수어사이드 스쿼드,뚱이가 세상을 지배한다아아앙!!!!,10
모가디슈,답답하고 지친 일상에 모처럼 즐거운 시간 보내고 왔네요. 억지스럽지 않았던 엔딩이 감명깊었습니다. 배우들 연기는 진짜 모두 최고! 좋은 영화 만들어주셔서 감사합니다. ^^♡,10
마마,처음부터 끝까지 신파극인데 뜬금없이 거기에 반대되는 마지막 전개... 남자 주인공은 회상을 통해서 뭐 중요한 키포인트라도 찾는줄 알았으나 그런거 없음 존재감X 귀신 비주얼은 최상급(그러니 기예르모 델 토로가 제작비 지원해줬겠지..) 이지만 그거밖에 없다. 처음부터 끝까지 신파극이였으면 그래도 깔끔했다고 했을텐데 마지막은 꽤나 엽기적임ㅋㅋ,2
모가디슈,잼있어요  억지감동도있었지만 볼만했어요,10
모가디슈,몰입력 최고 너무 재밌었어요 오랜만에 재밌는 영화 보고왔네요,10
모가디슈,올해 본 영화 중에 젤 재밌었다,10
그린 나이트,신비롭고 아름다운 영화라고 말하고 싶어요,9
인천스텔라,유치해죽것네시간아깝다,2
꿀벌 하치의 대모험,어릴 때 보고 몇 년 지나고 나서 다시 보니까 새로운 느낌… 찾다가 자막 버전이 없어서 원어 무자막 버전으로 봤는데 무슨 말인지 몰라도 그 분위기가 생생하게 와닿아서 너무 슬프고 따뜻했음 ㅠㅠ 색감도 예쁘게 너무 잘 썼고 개인적으로 정말 애정하는 영화 (´ ▽｀).。ｏ♡,10
아무도 없는 곳,평양냉면 같은 영화. 먹는 사람에 따라 맛이 다름. 저는 생각하게 해줘서 맛있게 먹고 가요.,8
모가디슈,모가디슈 영화를 봤는데 재미있어요 조인성배우 연기도 잘하고 잘생겼어요?,10
반도,존잼탱리입니다요옹하하하,10
모가디슈,생존영화. 남북관계는 그냥 배경일뿐. 재밌더라. 마지막 부분이 다 된 밥에 재뿌릴까봐 젤 긴장됨.,10
더 수어사이드 스쿼드,노잼  … 뭘보고 이렇게 평들이 좋은지 친구들도 노잼이라하는데… 중간에 보다가 나오고 싶엇음   1이 더나은듯,4
그녀를 믿지 마세요,시간이 가는줄모르고 봤습니다….,10
007 스카이폴,M의 죽음이 어이없지도 과장되지도 않게 묵묵히 잘그림.,10
모가디슈,신파극까지 않는 감정선 스릴 넘치는 탈출,10
더 수어사이드 스쿼드,예??? 알바가 많은걸로....,1
모가디슈,역시 조인성이다. 눈을 뗄 수 없는 멋짐,10
모가디슈,오랜만에 정말 재밌게 본 영화,10
모가디슈,오랜만에 몰입감높은 한국영화 개봉했네요무조건 극장에서 보는걸 추천합니다.,9
발신제한,기억에 남는건 제네시스뿐.. 한시간반 광고본듯,2
모가디슈,오랜만에 극장에서 영화다운 영화를 봤네요.. 응원합니다!! 얼른 코로나가 종식되길 ㅜㅜ,10
더 수어사이드 스쿼드,일단 감독 작가 제작자 줄빠따 맞고시작하자.또 닦냐? 닦기영화 전문이야?알바 풀어서 평점 올리지 마라,1
모가디슈,기대보다 별로가 아닌 그냥 별로,5
블랙 위도우,아무리 액션영화라지만 이건뭐... 재미도없고 감동도없고... 스토리좀 잘 짜지 돈 많이들여서 이게뭐람,2
모가디슈,전쟁의 무서움 소년병에 대한 실태 서로다른체제속에 살아가는 남북한의 괴리 소말리아 내전당시의 모습 등을 담아주어서 역사적으로도 뜻깊은 영화가 되었던것같습니다. 또 영화상영내내 스릴감이 넘쳐흘렀던지라 더더욱 영화에 집중하고 보게되었습니다.역사에 관심이 많으시거나 아니면 스릴감넘치는 영화를 좋아하신다면 이 영화를 추천드립니다. ㅎㅎ,9
모가디슈,근래에 가장 돈 아깝지 않은 영화였다.코로나가 아니였으면 천만도 가능했을 것 같다.,10
더 수어사이드 스쿼드,조커는 살고 나머지는 반복되는 DC의 자살,2
하이큐!! 땅 VS 하늘,46분 런닝타임... 실화냐..,1
모가디슈,영화 보는 내내 드는 생각들. 손익분기점 높겠다... 제작비 정말 많이 들었겠다... 국내도 아니고 해외인데 정말 찍기 힘들었겠다... 그만큼 연출이나 전체적인 분위기는 놀라웠던 영화였지만 극중 내내 부족했던 2%가 영화가 끝날때까지 채워지지 않는 느낌이라 아쉬웠다.,8
메기,영화가 가벼운 분위기로 연출되고 여러 에피소드를 풀어내서 그런지 무슨 말을 하고 싶은지 이해가 안되어서 꺼버렸습니다,2
쓰리 빌보드,스토리와 영상이 좋다.,8
모가디슈,굿굿  가볍게 보기 좋음~~,10
쓰리 데이즈,오랜만에 쫄깃하게 본 영화일반인이 계획하고 실행하는거라 공감이 가서 더 몰입하고 보게 된 것 같다,10
모가디슈,오랜만에진짜재밌게 영화봤습니다 많은것이느껴졌습니다,10
아이 필 프리티,귀엽고 사랑스러운 영화.,8
모가디슈,인성오빠보려고 봤는데 무슨내용인지 모르고 봤어요..근데..넘 내용이 감동적이고 왠지모르게 슬픈느낌이 드네요^^ 감동감동,10
더 수어사이드 스쿼드,영화 후반부에 랫캐쳐가 만들어낸 장면은 눈물흘린 영화 분위기가 아닌데도 괜히 감동적이고 멋지더라...그장면 하나만으로도 이영화를 볼가치가 충분하다.,10
인생은 아름다워,재치가 뛰어났다. 코믹과 학살의 슬픔이 공존해따ㅠ,10
아이 캔 스피크,포스터가 그냥 억지 코믹영화인줄-0-스토리연출연기 다 좋네요!! 너무 잘봤습니다.,10
모가디슈,솔직히 별 생각없이 보러 갔는데 상상 이상의 스토리를 보여줘서 놀랐다.실화에서 각색을 많이 하지 않은것도 좋았고 짜내는 감동이 없어서 좋았다.,10
모가디슈,너모 재밌었습니다!감사해요!,10
더 수어사이드 스쿼드,존잼화려하고 볼 거 많고 매력있음,10
체르노빌: 원전 대폭발,남주 무지 잘 생김소련 러시아 영화좀 신선하긴 했음 원폭영화실화바탕 보는 내내 바이러스감염은무섭다는걸 또 느끼게 됨 팬데믹코로나19 모두 경각심 갖고방심 하지말고 이겨냅시다,9
모가디슈,유일한 단점 한가지 먼저 말하자면 조인성이 너무 사기만능캐로 나와서 약간 동화같다고 해야하나 뭔가 현실성이 떨어지는 느낌이 있음. 나머지는 크게 흠잡을게 없는 영화로 많은 사람들이 평점에서 감탄했듯이 후반 카체이싱 장면은 역대 한국영화 중 그냥 압도적으로 최고다.(대신 너무 짧다.). 인물 간 국가간 갈등요소가 끊임없이 다양하게 나와서 후반 하이라이트(카체이싱)까지 긴장의 끈이 팽팽하게 유지되는게 가장 장점이라고 생각함.,9
더 킹: 헨리 5세,2시간짜리 영화임에도 지루하지 않게 연출함,8
모가디슈,진짜 억지감동아니거 시간가는줄 모르고 봄!!!! 캐추천!!,10
그린 나이트,영화를 끝까지 보게 하는 매력이 있고 영상미가 멋있어서 극장에서 볼 맛 제대로 나네요ㅋㅋ,10
모가디슈,잼잼 정만식배우님때문에 알게되어 봤는데 재밌어요ㅜㅜ,10
낙원의 밤,금방 온댔어요홍! 기다리라했는데에엥!!,10
모가디슈,잘만든 영화! 좋은 배우들,10
더 수어사이드 스쿼드,냉소적인 로맨시스트의 영화. 세상엔 더럽고 소외된 것들이 많지만 가끔 그것들에 눈을 감지 않고 지켜보면 분명 아름다운 것들도 그 와중 찾아낼 수 있을 거라는 영화.영상미가 좋고 상영시간이 긴만큼 늘어지는 부분도 있지만 분명 재밌는 영화입니다. 전  결말근처 끝에 울었는데 대체 왜 울었는지ㅋㅋ모르겠지만 감동요소도 꽤 있고요,8
쥬라기 공원,늦게 태어나서 이걸 못 봤다는 것이 한일 정도로 영상 퀄리티가 뛰어났고  스토리가 흥미진진했던 것 같다.,10
블랙 위도우,이제 마블 영화 단물 다 빠진거 같음 ㅋㅋㅋ ㅠ,6
하치 이야기,감명깊고 뜻깊은 영화에요실화를 바탕으로 연기도 너무 잘하셨고 마음 따뜻해지고 안타깝기도 했네요,10
모가디슈,후기: k-매드맥스 !!,10
새콤달콤,재미있습니다. 여기를 모두 잘하네요.특히 여자 주인공 연기 좋아요.,10
그린 나이트,고전동화를 읽는 것 같았던 영화,8
모가디슈,액션이 너무 과해서 현실성이 적은편.,8
맨 온 파이어,최고다 모든 완벽~ 묵직하게 가슴을때리네,10
디바,흡입력 있는 심리 스릴러. 여운이 남는 결말. 단점도 분명 있었지만 장점이 훨씬 많은 영화입니다. 영화의 전체적인 만듦새와 배우들의 연기 모두 좋았습니다.,9
더 수어사이드 스쿼드,음악하고 영상미가 최고였다.,10
모가디슈,오우~  보는내내 시원하고 재밌었음,10
첨밀밀,소정이 젤 불쌍 소군 멍청이 ㅜㅜㅜㅜ 그래도 찐사랑 해서 부럽다 영화의 모든 사람들이 각자의 사랑방식으로 사랑을 하고있다 ㅜㅜ,10
발신제한,기대 이상으로 재미있게 킬링 타임용으로 잘 봤습니다. 용의자 소재에서 살짝 인과관계가 잘 안 느껴지긴 했지만 긴박감을 느끼게 하는 연출미와 연기력이 좋았다고 생각합니다. 코로나만 아니면 극장가에서 꽤 관객들을 끌었을 텐데 아쉽네요.,9
더 수어사이드 스쿼드,이런 B급 갬성 좋아 ㅋㅋㅋ 왠지 킹스맨이 떠오르는 영화랄까??,10
더 그레이트 샤크,이 영화의 최대 문제는 공포 영화임에도 전혀 무섭지가 않다는 점,3
모가디슈,진짜 진짜 재밌슈 꼭 보슈,10
모가디슈,배우분들 다 연기 너무 잘하시고 기대 이상으로 재밌어요!!! 나 구교환 배우님 좋아하네,10
라이프,숨겨진 코스믹 호러 수작,10
모가디슈,조인성과 김윤석의 캐미 허준호의 카리스마 잘봤어요,10
모가디슈,오늘 보고왔는데 처음부터 끝까지 몰입 장난아니고 연출 연기 너무 좋았습니다.,10
"그 시절, 우리가 좋아했던 소녀",이해할수있는 그 시절~~^^,9
내가 살인범이다,또 봐도 너무 재밌습니다^^,10
세렌디피티,Too much 우연 but 주연배우들의 좋은 연기,8
"좋은 놈, 나쁜 놈, 이상한 놈",재밌는데 오랜만에봐도 ㅋ,10
엽기적인 그녀,여운이 많이 남는 영화 2년 후에 다시 보고싶다,10
모가디슈,몇년 동안 본 영화중최고 ㅠ 구교환 배우님한테 반함,10
분노의 질주: 더 얼티메이트,뇌가있으면 보면 허탈해짐,1
극장판 도라에몽: 진구의 신공룡,진짜 여러분들 한번 봐 보세요  너무 재미가 있어서 눈물이 나올 정도입니다,10
라이트 아웃,결말이 아쉽긴 하나 볼만했음,8
모가디슈,잘봤습니다 제가 현장에 있는듯한 느낌에 작위적인 눈물짜내기도 거의 없었던 것 같아요 재밌게 봤습니다 !!,10
더 수어사이드 스쿼드,세바스천 진짜 핵귀요미,8
은하철도의 꿈,전쟁 일으키고 자기민족 고생하는건 당연한거 아닌가? 승리했다면 저런 피해도 없고 승리하려  전쟁일으키고 지들 국민들 잘살았으면 이런 피해자코프레스 할일없었겠지 !우리만 억울하게 분단되고 더 화만  돋구는 만화 ?왜 어린이도서관에 이런게 있어서 괜히 대여했네,1
더 수어사이드 스쿼드,돌아이 美친영화..  데드풀 DC판 ㅋㅋㅋ,8
사냥의 시간,연기빼고 다쓰레기라보면되네한은 총10발이상맞고 물에빠졌는데 살았다고?과다출혈로사망하는데20초도안걸리것다ㅋㅋ아무내용도 감동도없다연기만볼만하고,1
모가디슈,오랜만에 재밌게 본 영화,8
블랙 위도우,미첬다 별 기대안했는데 입벌리고 나왔음. ㄹㅇ 알바아님,10
그린 나이트,몽환적ㅠㅠ 볼수록 주인공에게 집중하게 된다..,9
모가디슈,정말 오랜만에 영화관에 앉아서 엔딩크레딧 올라가는걸 지켜보게 만든..끝나고 여운이 남는 영화였네요..배우들의 연기도 자연스러웠고..스토리도 좋았습니다~킬링타임용일거라 생각했으나 예상보다 훨씬 좋았음~!,9
더 수어사이드 스쿼드,중반부터 감독이 바뀐거죠? 건 형님 어디갔어요?,6
모가디슈,뻔하지만 재밌는걸 어떻게 ㅜㅜ 실화인점에도 감동 ...,10
더 수어사이드 스쿼드,할리퀸이 다했다..  난잡하고 유치한데 잔인함,6
쉘 위 댄스,스기하라의 열정과 노력은 현대를 사는 우리에게 귀감이 되었다,10
늦여름,연기도 좋구요 ost가 정말 좋네요 늦여름 영화처럼 설레이는 가을에 대한 기대감같은 영화예요 마지막에 환하게 웃는 장면 너무 좋아요,9
더 수어사이드 스쿼드,핵노잼 핵노잼 진짜 핵노잼. 진심 핵노,4
모가디슈,영화보는내내 같이 소말리아에 갇혀있다 탈출한 느낌이었어요,10
더 수어사이드 스쿼드,블랙위도우랑 평점 바꿔라   마블버프 영화는 이제 지겹다  겁나잼난다,9
모가디슈,아무 생각없이 보러 갔다가 감동받고 왔습니다 신파없고 덤덤히 그려낸 남북화합 미래엔 꼭 희망해봅니다,10
미나리,상을 받은 이유가 뭐지?시간이 아깝다.,2
더 수어사이드 스쿼드,유쾌하고 멋진 잔인함. 할리퀸 원툴로 노잼 서사 꾸역꾸역 억지 전개하던 전작과는 달리 각각의 비중을 재미나게 나눠주면서도 할리퀸의 매력은 오히려 전작보다 올라간 듯 하다. dc도 할때는 할 수 있다는 걸 보여준 스타일리쉬한 b급 영화.,9
모가디슈,배우들 연기도 자연스러웠고 보는 제가다 긴박했어요!!,10
변신,아아아~ 첨엔 그럴듯 했지. 근데 왜 이 가족은 서로 이야기를 안하며 왜 각자 따로 노는 것인가. 왜 둘째는 안찾으며 먼길 비행기 타고 오신 신부님들은 왜 그렇게 속수무책으로 비명횡사하고 만것인가. 그리고. 그 와중. 삼촌이 구마 사제라는 기막힌 우연 혹은 필연. 아아 뭔가 답답한데 배우들 연기는 잘해.,4
걸어도 걸어도,30년전에 봤으면 좋은 영화라고 했겠지만 너무 진부하다,2
그린 나이트,영상미 좋고 생각할 거리도 던져주는 영화,10
컨저링: 귀신의 집,개열받네 진짜로ㅡㅡ 아 내돈,1
오리엔트 특급 살인,탐정이 관객은 철저히 배제하고 지혼자 추리함. 결말은 거의 감수성 만렙의 경지.. 이해할수 없는 그들의 발상에 아찔했다.,1
청춘 돼지는 꿈꾸는 소녀의 꿈을 꾸지 않는다,중간중간 감동적인 부분도 많고 진짜 최고입니다ㅠㅠ,10
더 수어사이드 스쿼드,이 연관성없이 불쑥불쑥 튀어나오는 감동스토리는 무엇..,2
제8일의 밤,오랜만에 인생에 대해 깊히 생각하게 하네요  공포영화로 접근하면 안될듯,8
모가디슈,진짜 재밌음 또 보고싶음 추천 할만 함 오랜만에 좋은 영화 나왔네용,10
모가디슈,남북한 문제는 미묘해서 다루기 쉽지않은데... 부드럽게 처리하며 주제를 독자이해의 몫으로 남겨놓았다는느낌을  받았습니다. 간간히삽입된 긴장이나 갈등. 코믹요소도좋았구요. 배우님들의  연기나카메라.음향모두 좋아요,10
인터스텔라,이 영화가 개봉되었을 때 영화관에서 본 적이 있다. 그때는 나이가 어려 내용도 이해 못했고 큰 감흥이 없었다.최근 우주의 신비함을 유투브로 깨닫다가 문득 넷플릭스에서 우주 관련 내용을 검색하다 발견한인터스텔라.다시 본 영화는 말그대로 감동 그자체였다. 시간이 얼마나 소중한지( 타행성에서의 1시간이 지구에서 무려 7년 ㄷㄷㄷ) 우리는 얼마나 온 우주에 있어서 하찮은 존재인지주위의 작은 의미도 귀담아 듣고 눈여겨 볼 필요가 있지 않은지악역으로 나온 만 박사였지만 홀로 아무도 없는 미지의 공간에서 감히 상상도 할 수 없는 두려움과공포를 느꼈을 텐데 그가 버튼을 누른 심정은 천번 만번도 이해할 법하다. 마지막 장면은 아무리 보아도 주옥같다.상대성 시간에 의해 브랜드보다 훨씬 늙어버린 딸 머피 지구나이로 약 80년 만에 만난 부녀 상봉(3시간밖에 안된 영화였지만 딸의 세월이 왜 이렇게 깊게 느껴지는지)그리고 은하 어딘가에 홀로 떨어져있을 여주인공을 찾아 다시 출발하는 브랜드...영화에서 나오는 주인공 브랜드의 새로운 도전과 모험심 그리고 리더십은 가히 존경스러웠고 지금껏 사회에서 주어진 평안한 내 삶이 과연 내가 지향하는 곳인지 의문을 들게 하였다. 우린 어쩌면 우리가 원하는 세상속에 살고 있을지도  아닐지도 모른다. 그렇게 생각하면 만족하며 살아도 되지만그렇지 않다면 영화속 주인공의 삶처럼 도전 모험을 통해 남들이 누리지 못한 더욱 값진 인생을 모색해보는 것도 좋지 않을까나이가 들면 들수록 지금껏 해보지 못했던 무언가를 이루고픈 열망이 커져가는 이 시점에다시 본 인터스텔라는 나에게 큰 용기와 도전정신 그리고 꺼내지 못해 온 잠재적인 에너지를 던져 주었다.,10
럭키,이준 나오는 장면들은 다 짜증나욬ㅋ그만큼 잘 영화가 나와서 제가 짜증이 올라오는 거겠죸ㅋㅋ,10
곰돌이 푸 - 티거 무비,어릴때 너무 좋아했어서 다시 보는데도 재밌고 영상미도 이뻐요,10
어웨이,마음으로 들은  무언의 메세지,10
더 수어사이드 스쿼드,쓸데없이 잔인하고 더러움. 웃기지도 않은 개그코드. 그저 병맛스러울뿐. 스토리도 딱히 별다른 게 없음. 몇몇 대사는 이상함. 뭐라는지 모르겠음.  할리 퀸도 이제 3번째 보니 매력이 반감됨. DC는 진짜 힘든 길을 갈 듯.,1
내 사랑,먹먹해지고 사랑의 묘약은...,10
더 수어사이드 스쿼드,걍 재미없음 영화가 매력이 하나도없음,3
악질경찰,뜬금없고 아무 연관성도없는 세월호,2
간신,주인공들의 연기를 보며 감정이 절로 동화되는 영화였습니다 노출만이 이슈가 되어 평점이 짠건가 싶어 아쉽네요. 9점이 적당하지만 보너스로 1점 추가 10점,10
모가디슈,류승완감독 영화인줄 모르고 봤다가..진짜 연출이 뛰어나는데 누구지?하면서 검색해보고 이마를 톡~ 쳤다는.  배우들 연기는 두말할것도 없고 시간이 어찌 가는 줄 몰랐네요..,10
모가디슈,오랜만에. 영화같은 영화 재미있게 잘봤어요. 스토리 배우들 연기. 짱이네요.,9
바람의 검심 최종장: 더 비기닝,최고의 완결 먹먹한 결말,10
모가디슈,넘 잼나요연기를 너무 잘해요,9
모가디슈,이 얼마만에 볼 만한 영화인가..,10
방법: 재차의,어색한 연기력 + 구구절절 설명. 오그라드는 부분이 많아 잠이 확 깰 때도 있으나 대체적으로 졸림. 연기는 좀비들이 제일 잘함. 무료표를 받아도 또 볼 생각 없음.,2
모가디슈,조인성 개폼만 엄청 잡고 뚜드려 맞을 줄 알았는데....,8
블랙 위도우,내 인생 최고의 영화….나타샤 사랑해,10
어바웃 타임,이 영화는 로맨스 영화가 아니라 가족애와 인생의 의미에 더 비중을 둔 영화다. 특히 아버지와 작별하는 씬은 가장 눈물을 자아내게 하는 장면이다.,10
돌멩이,김대명 외 주조연급들의 연기력이야 뭐 논할바는 아니라 생각된다 도데체 뭘 말하고 싶은건가? 강간미수범이 되었고 여자애는 멀쩡한데 진위조사 없이 석구는 범죄자가 됐다고? 보통 저런 경우 석구가 장애인이기때문에 더더욱 법의학이나 이런걸 동원해서 진위를 가리지 않나??  그냥 전형적인 신파극을 유도하려고 애쓴 감독의 의향은 알겠으나 뭘 얘기하고 싶은거야?쓰레기 양부모? 장애인에 대한 편견? 도무지 뭘 말하고 싶은건지...,4
범죄도시,마동석 영화중에 제일 재밌어요.,10
더 수어사이드 스쿼드,제임스건 연출작답게 가오갤 느낌 팍팍 났음! 특히 적들 죽이는 장면에서 신나는 노래 나오는 그런 부분들이?! 거기에 예상치 못한 전개와 예상치 못한 캐릭터들 마블만 보다가 DC 보니까 새로웠음ㅎㅎ 그리고 일반 액션영화에선 총 쏘거나 칼 맞아도 안 죽는 경우가 많아서 엥?스러운게 많았는데 여기선 시원시원하게 잘리고 터져서(?) 좋았음!!,9
위대한 개츠비,영화는좋은데 데이지 우유부단오지네,10
모가디슈,김윤석조인성이 너무 투덜대는거빼면 보는내내 스릴잇고 긴장감잇엇음,8
더 수어사이드 스쿼드,DC유니버스중에 그남아 밀덕스러운 영화가 골로 갔어…..타르코프에서 배틀구라운드 된 느낌,4
모가디슈,구교환은 반도에서도 그러더니 운전만하면 죽네ㅜㅜ,10
모가디슈,진짜 재미있었어요! 다시 보고 싶은 영화,10
모가디슈,오랜만에 영화관에서 볼만한 영화입니다 긴장되는 엑션신 연출과 더불어 실화를 바탕으로 스토리 라인도 탄탄하여 몰입도가 높았고 전반적으로 기대 이상이었습니다,9
더 수어사이드 스쿼드,제임스건 실망이네요 그냥 가디언즈만 찍어유,1
발신제한,8점인데  평점 낮아서 10점 드림,10
엘리자베스타운,올랜도 블룸은 의외로 딱딱하고 단조로운 연기를 펼치지만 커스틴 던스트의 발랄한 연기는 새로워서 눈길이 간다. 상실과 치유에 대해 무난하나 볼만한 내용을 전달하고 있다.,6
CCTV,2002년걸 잘못 올린거 아니에요? 곽도원 좋아했는데 다시는 안봐,2
더 수어사이드 스쿼드,너무재미있었어요! 최고! 꼭봐야함~ 할리퀸최고,10
모가디슈,진짜 재밌어요 꼭 보세요…….,10
새콤달콤,굿굿! 반전이있어서 핵 사이다 그리고 현실적인 연애,10
더 수어사이드 스쿼드,1편보다 훨씬 재밌어요~!시원시원한 액션 강추,10
모가디슈,와 ... 재미있고 눈물도 나고... 전 김윤석 허준호님과 소말리아군 잔상이...,10
방법: 재차의,그래도 잼나게 봄^^   친구얌 재미나게 봤다 ㅋㄷ,10
더 수어사이드 스쿼드,탑: 킹 샤크 (체력 만렙 탱커 문도박사)정글: 할리 퀸 (ㄹㅇ 독보적인 존재감 OOO 헤으응 눈나)미드: 랫캐쳐2 (처음에는 쥐만 쓰는 미니마우스인줄 알았으나 후반에 불가사리 뚱이 잡을때 왕귀해서 그냥 쓸어담음 ㄹㅇ 재앙급 스킬 보유)원딜: 블러드스포트 (루시안 보여줄때 보여주는 숟가락)서폿: 폴카 닷 맨 (안쓰러운 도구 토쟁이),8
모가디슈,연기 구멍없음ㆍ 소말리아에 이런일이 있었는 줄 몰랐네요영화 잘봤습니다당수 ?배워야지^^,10
모가디슈,지루하지 않고 러닝타임 내내 시간 가는지 모르고 봤습니다,10
정글 크루즈,진짜 핵노잼.. 제목은 정글인데 배경은 cg떡칠 나뭇가지뿐이고. 남 통수치기 좋아하는 라도 출신 드웨인존슨 고집불통 페미나치 대깨문 여주랑 저능아 동생까지 캐릭터가 하나도 정이 안감,2
그때 그사람들,수꼴들의 염장을 지르는 역사적 사실에 관한 영화.,9
리플리,책으로도 다시 보고 싶을 정도로 깊이 있는 스토리와 연기! 거짓말이 들통날 것 같은 순간엔 긴장감 최고!!,9
사냥의 시간,배우구경 외에 재미따윈없다,1
"나, 다니엘 블레이크",인간이 인간으로서 존엄할 수 있는 삶이 이렇게 처절해야 하나. 다니엘 블레이크는 마지막까지 자존감을 잃지 않았다.,10
모가디슈,실화를 바탕으로 현실감 있는 연출이 인상적이었고 감동까지 있는 인상 깊은 영화였습니다. 류승완 감독 작품은 믿고봐도 될거 같네요.,10
모가디슈,나의 인생영화 어쩔 수 없이 헤어지는 남북의 현실 너무 잘 들어남..,10
모가디슈,억지 신파 없어서 좋았고 지루할 틈이 없었다,10
블랙 위도우,요한슨 믿고 보긴봤으나 개연성이나 스토리가..음...기대를 좀하고봐선가 스케일 키울려고 노력한티는 나나 재미가 그닥없었네요ㅜㅜ,6
잘리카투,이번달에 본 영화중에 가장 강렬했고 사운드와 영상미가 꼭 극장에서 봐야하는 수준이에요,8
정글 크루즈,무난함 그이상 그이하도 아닌 영화,6
초속5센티미터,추억은 추억으로 남기는 것이 가장 아름답다는 것을 보여준 영화,8
모가디슈,망할 코로나만 아니면 그냥 천만영화마지막 장면은 현실이라 더 가슴이 아픈ㅠ,10
더 수어사이드 스쿼드,기대보다 재미없고 졸려,6
"구름의 저편, 약속의 장소",신카이 마코토 감독의 스타일이 확립된 영화,8
사이다처럼 말이 톡톡 솟아올라,그냥 여름 그 자체인 영화.. 오글거리는 부분도 적어서 재미있게 잘 봤고 그냥 그림 OST 스토리 연출이 다 잘 어울려서 완성도도 높고 오랜만에 정말 오랜만에 본 것 같다.!,10
강원도의 힘,뭔가 난해하지만 강원도의 힘이 무엇인지를 깨닫게 해주는 영화,6
모가디슈,꿀잼! 즐거운 두시간 관람,10
내가 살인범이다,일본판부터 봤는데오리지널이 진짜 제대로네,10
22년 후의 고백,오리지널 한국판에 10점주고 오는 길이다.각색을 개연성이 더 떨어지게 한점이나너무 정적인거에 각각 1점씩 뺀다,8
모가디슈,꿀잼. 기대 안 하고 보로 갔더니 너무 재밌었어요. Best movie I've seen so far during 2021.,10
어웨이,격이 다른 애니메이션.,10
언터처블: 1%의 우정,장애를 뛰어넘은 우정,10
더 수어사이드 스쿼드,스토리며 영상이며 너무 재밌네요 ㅋㅋㅋ,10
정글 크루즈,디즈니는 언제나 옳아요 ㅎㅎ,10
몬스터 헌터,이거 보면서 스토리나 세계관 전체적인 시나리오의 완성도를 신경쓰지않고 봐야한다라고 말하는 사람들은 이 영화가 더 높은 수순으로 나아가는 것을 막는 사람들이라고 생각합니다.  제발 좀 이상하다 싶으면 그냥 이상하다고 말해요 팬심으로 눈 가리고 아웅거리지 마시고,1
모가디슈,너무  재밌슈~~~오랜만에 CGV영화관 관람했슈...코로나인데? 영화관람? 그러면 내가 모가됐슈...,10
스킨,백인우월주의에 대한 이야기라서 많은 공감은 아니지만 그냥 범죄로 보면 되겠다. 문신 함부로 하지 말자.,7
더 수어사이드 스쿼드,킹스맨+데드풀+가오갤,10
더 그레이트 샤크,47제작진이 다시 모였..는지 모르겠을정도로 별로,2
라이더스 오브 저스티스,살다보면 한번쯤은 생각하게 되는 저사람은 왜? 이 일은 왜? 같은  '왜?'에 관한 철학적인 대답.  큰 기대 안했는데 최고였다.,10
모가디슈,우리가 분단국가라는 것을 새삼 느끼게해주는 여운 남는 영화,10
정무문,당신이 그립습니다.,10
모가디슈,네이버 평점 주는거중에 감동지수가 있네? 이거 없애라 이번에 한국영화에서 신파 줄이니까 개띵작이 되었다 긴장감 지리고 꼭보셈. 마지막에 감동지수 높인다고 포옹이나 통일하자!!우리는 한민족 이랬으면 진짜 2점 깠다.,10
모가디슈,여운이 있고 몰입도는 높지만 너무 자극적임.. 그게 전쟁이긴 하지만..,6
남자가 사랑할 때,거 중구형 이거 장난이 너무 심한거 아니오,9
모가디슈,리뷰알바 아니고 진짜 재밌습니다말모말모,10
모가디슈,남북관계에 신파는 뺐지만 전형적인건 어쩔수 없네. 딱 킬링타임용,4
극장판 도라에몽: 진구의 신공룡,가슴이 따듯해집니다노래도 좋아요,10
더 파이브,이상하네요 영화보고 평점봤는데... 이영화는 분류를 하자면 드라마 아닐까요? 억지설정이라고 할수 있는 부분도 있지만 굉장히 심오한 심리를 연기한거같아 9.5점 드립니다 볼만했습니다 마지막 예술작품이 불타는 장면은 정말 굉장했어요 촬영미가 돋 보였습니다 감독님 굿,9
위플래쉬,관용의 힘을 믿던 나는 재즈바 신에서 그 믿음에 균열을 내기 시작했고 마지막 플레쳐가 아닌 앤드류가 지휘를 이어 나갈 때(적어도 내겐 그렇게 보였다) 그것은 보기 좋게 잘려나갔다.,10
박하사탕,설경구외 다른배우들연기는좋은데 연출 스토리가  ㅈ같음  욕밖에안나오네 진짜 평점조작이있구나,2
CCTV,오글거리는 발연기에 표정연기 하.. 80년대 중2병이 만들법한 연출.. 1점도 아깝다.,1
모가디슈,지금 보고 나왔는데 스토리도 영상도 탄탄해서 간만에 영화다운 영화 봤습니다.,10
모가디슈,조인성연기 최고고억지신파없는 스토리가 좋았어요코로나시국 마스크쓰고 극장 찾아갈만한가치 충분합니다,10
박하사탕,시대가 나의편은 아니였지만 주인공만 보면 정신줄 놓은 고문관의 일대기. 결국 남탓만 하다 연관된 모든이에게 민폐존재됨,2
더 수어사이드 스쿼드,B급 영화의 냄새가 풀풀나는 재미있는 블록버스터! 그동안에 DC는 감독이 문제였다는걸 보여주는 제임스 건!,8
새콤달콤,재밌다 신선하다 ㅋㅋㅋ,8
모가디슈,일부러 눈물짜내려는 부분도 없고 딱 영화에 필요한 부분들로도 감정이 전달되었어요영화다보고 나오면서 남는 여운이 대박..연기와 연출 모두 만족했어요,10
모가디슈,왜 하필 지금일까 왜 하필 문대통령이 남북 화해 분위기를 조성하려는 지금? 나의 생각이 오해라면 먼저 미안하다는 말을 하고싶다. 하지만 영화개봉의 타이밍에 대해서 그리고 영화의 메세지의 대해서 고민하지 않을 수 없었다. 영화 그 자체의 스토리는 굉장히 흥미로웠고 좋았다. 하지만 제발 부탁한다. 이 이야기는 자신들 앞에 닥친 위험을 벗어나기 위한 개인들의 협력에 관한 이야기다. 현재 김정은과의 화친은 불가능하다. 오히려 김정은과 친해지지 말아야 우리가 진정으로 올바른 길로 가고 있다고 말 할 수 있는 것이다. 그것이 북한의 인민들을 살리는 길이다.,2
보스 베이비 2,애기들도 너무 귀엽고..감동과 재미는 물론 중간중간에 나오는 웃음포인트까지 완전 최고!!,10
모가디슈,류승완 감독이 이번에 또 큰작품 하셨네요~단단한 연기력 김윤석 조인성 허준호김소진 김재화 명품연기 대박 나세용모가디슈~화이팅^^,10
랑종,생각없이 보기에 좋았음. 개봉 전에 워낙 무섭다는 소문이 많아서 공포를 좋아하는 입장에서많이 기대하고 봤지만 공포면에서나 전개부분에 있어서 다소 많이 아쉬운 부분이 많았음.,7
더 수어사이드 스쿼드,디씨도 할수 있다를 드디어 보여준!!가오갤 스러운 병맛 액션!,9
더 수어사이드 스쿼드,진짜 보면서 몇 번이나 로버트 로드리게즈와 쿠엔틴 타란티노 콤비를 생각했는지 ㅋㅋㅋ 두 감독의 십덕으로서 너무 재미있게 잘 봄 ㅋㅋㅋ 황혼에서 새벽까지 플래닛 테러 마셰티 같은 명품 B급 영화들이 생각나는 꿀잼영화 였음,10
13일의 금요일,배경이 대충 21세기면 살인방법도 좀 참신했으면 좋았으련만 뻔한 살인마의 클리셰는 다 보여주는 이걸 왜 굳이 리메이크했는진 모르겠음,6
스틸 플라워,독립영화에 관심이 필요한 이유.,10
모가디슈,재밌어요 볼만합니다. 연기자들 보니 기대됐는데 역시 몸값하네요. 추천합니다,10
케빈에 대하여,미화시킬 필요없이 사이코패쓰 이야기인듯.. 심히 해석할 필요도없이 그냥 그렇게 태어난거지.. 우는거 안안아줬다고 다 저렇게 크면 옛날 밭일하고 바닷일하던 분들 자식들은 다 미쳤을듯~ 그렇게 사랑해줬던 아빠까지 죽인 사이코패쓰를 변명해줄 필요도없을 것 같음그냥 사이코패스 낳고 고생하는 엄마 이야기인듯,8
모가디슈,억지스럽지 않은 담백한데 빡센... 고품격 방화,10
모가디슈,배우들 연기는 좋습니다. 스토리는 음 별거 없습니다. 높은 점수는 못주겠어요. 스토리에 좀 더 신경을 썻으면 재밌었을거 같아요. 배우들 연기는 좋은데 아쉽습니다.,6
모가디슈,별로에요 그냥 안보는걸 추천합니다막판 30분정도 말곤 딱히 지루해요 빌드업이,1
브릭,가끔 생각나는 영화..,10
더 수어사이드 스쿼드,어느 한놈도 도라희가 아닌이가 없다.간만에 잘뽑힌 디씨,7
모가디슈,류승완 감독님 영화 좋아하는데 역시나 류승완 감독님! 최고에요~! 재미있게 잘봤습니다,10
정글 크루즈,가슴을 설레게 하는 모험 영화 영상미 멋져,8
극장판 도라에몽: 진구의 신공룡,일단 진구랑 친구들이 공룡 체험관에 갑니다 거기서 진구는 또 공룡이 아직까지 있다는 헛소리를 하고 비실이와 퉁퉁이와 내기를 합니다 눈알로 땅콩 먹기를 요 그리고 진구는 쿵쾅거리면서 집가에는데 달걀 큰게 있어서 그걸 주워서 도라에몽에게 타임보자기를 빌려서 시간을 돌립니다 그 후 공룡 2마리가 나오는데 큐랑 뮤라고 진짜 너무 귀여워요 큐는 초록색 공룡이고 뮤는 핑크 공룡입니다! 뮤는 활발하고 잘먹고 습득력(?) 이 높다고 해야하나 특출나지만 큐는 진구같습니다 날개가 있지만 날지도 못하고 밥도 잘 못먹습니다 그런 큐를 위해 공룡 박사님께 조언도 있고 잘 행겨줍니다 이런 부분에서 좀 저는 뭉클했어요 큐가 날기 위해서 날기 위한 방법을 누구보다 열정적으로 가르쳐주었습니다 엄마가 방에 무엇가 있나 싶어서 도라에몽의 도구인 크레파스( 빨간색과 흰색의 원를 그리면 둘이 위치가 바뀜) 그래서 지붕이랑 방을 했는데 지붕에 규랑 뮤를보고 사람들은 놀라죠 점점 크는 큐와 뮤가 살던 시대로 보내야한다는걸 처음에는 반대 했지만 결심하고 진구와 친구들은 그 시대로 갑니다!큐와 뮤의 동족을 열심히 찾으러가지만 낭더러지에서 발자국이 멈춥니다 어떤 흰 원숭이가 진구와 친구들을 감시합니다 퉁퉁 비실은 또 흰원숭이를 따라갑니다 흰원숭이는 알고보니 공룡박사였습니다 그곳에는 공룡 박제(?) 그런게 있었고 악당같았죠.. 진구와 친구들은 큐뮤 동족을 찾았지만 운석이 떨어지기 시작하고 진구는 역사를 바꿀라고 합니다 거기서 시간 경찰들이 진구를 막습니다 하지만 그 박사도 알고보니 경찰 진구가 역사를 바꿀지 알수있는 도구를 사용했지만 아니여서 나두기로 합니다 진구는 공룡들을 지키기 위해서 어째저째 (여기는 재미를 위해 노코멘트) 어쨌든 해피 엔딩으로 끝났는데 마지막 그 박사멘트 듣고 진짜 눈물 흘렸어요 영화중간에 피스케가 진구를 구해주는것도 오지고 진짜 여태 코로나 터진 후 영화중 짱입니다 마지막 노래 끝나고 공룡이 곤충이 되는 그런 장면도 의미있고 감동적이였어요 마음이 뭉클에지고 따뜻해지는 영화입니다,10
어벤져스: 엔드게임,어벤저스 인피니티 사가의 끝 스티븐 로저스와 토니스타크를 멋지게 보내줌,10
그린 나이트,음악도 웅장하고 배경도 뭔가 몽환적이라 좋았습니다ㅎㅎ,10
고령화 가족,가지 많은 나무에 바람 잘 날 없다 했다. 세상 모든 가족들은 저마다의 사연 속에 하루를 살아간다.,10
블랙 위도우,태스크마스터 생각보다 활약이...그래도 블랙위도우에게 바치는 영화로는 좋았음,9
핵소 고지,구하는 것은 죽이는 것보다 훨씬 어렵다. 물론 사람을 죽이는 것은 보통 어려운 일이 아니지만전쟁터에서 아군이 아닌 적군마저 같은 사람이라는 이유로 목숨을 구한다. 날 죽일 수도 있을 적군마저 그에게는 그저 다친 사람으로만 보였을까? 마지막 힘을 짜내서 자신에게 총구를 겨눌 거라는 생각은 하지도 않았을까?,10
모가디슈,정말오랜만에 웰메이드 영화! 박진감 긴장감 ㅡ,10
모가디슈,정말 오랫만에 영화관에가서  돈 내고 봐도 아깝지 않은 한국영화다  코로나 때문에 객석에  사람이 많지 않을거라 생각햇는데 거리두기 제외하고 꽉 채웟다 다들 같은 생각들인것 같다 실화 라고 하니  더 뭉클 햇다,10
모가디슈,진짜 너무 재밌어요 별 기대 안하고 봤는데 남북 사람들이 같이 지내는것도 감동이고 완전 흥미진진쓰...,10
모가디슈,생각보다 영상미도 뛰어나고 연기들도 장난아니게 좋음ㅋㅋ,9
더 수어사이드 스쿼드,보다가 중간에 잤어요 B급 감성은 좋은데 엄청 산만하고 필요이상으로 잔인함..ㅠㅠㅜ쥐 공포증 있거나 고어한 거 못 보는 분들은 절대 보면 안 돼요.,2
모가디슈,좌빨영화 류승완도 별거없네,4
극장판 도라에몽: 진구의 신공룡,저 도라에몽 좋아해서 전에 극장판 다 봤는대요 좀 기대하고 봤는데 노잼이네요 딱 초딩영화 끗.,2
모가디슈,재미없음.추천안함.,1
모가디슈,오랜만에 재밌는 영화를 봤습니다,10
꽃다발 같은 사랑을 했다,여운이 많이 남는 영화배우분들의 연기도 인상적이었습니다,10
담쟁이,정말그지같은 영화가지고 이게 어떻게가족영화냐동성연애영화지 정말짜증지대로네 돈아까워 죽겠네 진짜,2
원스 어폰 어 타임... 인 할리우드, 평생을 미국 문화 속에 살아온 내 세대만 해도 이해 못할 건 하나도 없다고 생각한다. 한 컷도 대충 만드는 법이 없는 타란티노의 연출도 여느때와 같고 아무 것도 아닌 곳에서 끌어내는 긴장과 카타르시스는 그냥 모든 면에서 즐거웠다. 앞으로 딱 한 작품만 연출하겠다는 게 너무 아쉽지만 그를 좋아하는 관객 그리고 출연하는 모든 배우들에게 있어 그는 선물 같은 사람이다. 이 이상 재밌는 영화를 만드는 감독은 아마 아주 오래 안나올 것이라 생각되어 슬프다..,10
더 수어사이드 스쿼드,지구는 슈퍼맨이 평화는 쥐가 구한다.이렇게 재미없을수가...졸리기까지... 시간 가는줄 알고 봤다.,1
로건,진작에 이렇게 만들었어야 하는거 아닌가..,10
굿 다이노,딸이 아침에 일어나 보더니 대성통곡을 하고 보는데 너무 귀여웠네요,10
분노의 질주: 더 얼티메이트,너무 많은 주연배우들과 너무 과한 농담 어디 갈데까지 가보자 하는 액션이 모두 들어있다. 과하고 차고 넘친다.,6
옥자,짝짓기가 아니라 성폭행,1
히트맨,진심 다들 댓글알반가 평점보고 놀람..너무 억지로 웃음을 끌어내려는 게 뻔해서 오히려 재미없었음 진지할땐 진지하고 웃길땐 웃겼으면 좋았겠지만 그런거 상관없이 무작정 웃음포인트를 억지로 짜내느라 몰입이 깨짐..뇌빼고 보려면 추천,1
제8일의 밤,난잡함이란 이런것...,4
더 수어사이드 스쿼드,와 이게 별이 8이 넘는다고 각자 취향이니 어쩔 수 없지만내 돈 시간이 너무 아까웠다내용의 개연성이 너무 없다. 그냥 스토리는 없다고 보면 되고 웃기려는 대사와 감동주는 대사에서 전혀 감정이입이 안된다. 영상미만 화려하지만 돈내고 볼 영화는 아니다. 분명히 경고했다,2
매트릭스,매트릭스 - 존 윅 - 매트릭스 어렸을 때 매트릭스 보고 커서 존 윅 본 뒤 다시 매트릭스 보면 진정한 트리니티,10
버드 박스,재밌게 잘 봤습니다 감사합니다,8
모가디슈,류승완감독과 김윤석믿고 보러갔다가 조인성의 연기에 치입니다 스토리 연출 모두 천재류승완.. 한국영화에 간만에 재밌는 작품!,10
모가디슈,장난하나? 내용도 없고~~,2
모가디슈,또 빨갱이영화라고 하면 좀 글치? 이시국에 또또..북한 남한이 나뉜이유가 다른나라때문이라는 메세지를 전하려고 했던건가? 우리의 주적은 북한이고 최근 간첩활동했던 종북세력이 잡혀들어갔는데 거기에 대한 반문 영화인가? 무튼 빨갱이영화니 좌파들만 보시길.. 선동영화 지겹다,1
모가디슈,아..너무재미있는데요ㅠ,10
모가디슈,코로나만 아니였으면 진짜 대박났을듯..,10
모가디슈,오랜만에 영화같은 영화를 봄.,8
모가디슈,예고편도 안봤고 기대없이 관람했는데 배우님들 연기력이.. 장난 아니였고 실화라는거에 더 놀라웠음 ㅜㅜ 정만식배우님 연기 대박이에요 화이팅!,10
모가디슈,캬~~기대없이 봤는데 잼나게 봤어요~연기 스토리 다 훌륭합니다 ㅎ,10
하이큐!! 끝과 시작,카게야마 토비오 카게야마토비오 카게야마토비오 카게야마토비오 카게야마토비오 카게야마토비오 카게야마토비오 카게야마토비오 카게야마토비오 카게야마토비오 카게야마,10
모가디슈,억지감동 노잼액션 보지마세요,2
모가디슈,친구랑 둘이봤는데  시간 가는줄 몰랐어여,10
모가디슈,이 영화 진짜 미쳤음 겁나 생생함,10
기생충,치부를 들어내는 약자에 대한 배려가 없는,6
암살,몇번을 봐도 흥미롭고 새로운영화. 시대적배경을 알고보면 더 뭉클하고 북받치는영화. 연기스토리연출 삼박자 부족함없이 모두 완벽하게 갖췄고 실제이야기와 픽션이 흥미진진하게 가미되었는데 보는내내 지루할 틈이 없네요. 한국역사를 주제로 다룬 영화중에 단연최고라 말할수 있다. 국가를 위해 희생하신 독립운동가분들이 있었기에 지금 우리가 맘껏 누리며 지낼수있다는걸 잊지않겠습니다. 마지막 명대사는 잊을수가 없네요‘16년전 임무 염석진이 밀정이라면 죽여라. 지금 수행합니다’ 아쉽게 끝날수 있는이야기를 한문장으로 완벽하게 장식함..,10
그린 나이트,간만에 푹잤어요제가 아는 아더왕 스토리가 아니네요난해해요..,1
극장판 도라에몽: 진구의 신공룡,저는 역대도라에몽 중 인생작이요!!!,10
모가디슈,재미있었어요~~~ 중반 이후 몰입감 높았어요~,10
랑종,재밋었어요~~~~바얀마낭러ㅔ내ㅑㅎㄴ아러 솰라솰라,10
마지막 게임,의미가 있다면 의미있는 재밌다면 재미있는. 그러나 난...,6
배트맨 대 슈퍼맨: 저스티스의 시작,저스티스리그뿐만 아니라 수어사이드스쿼드로 빌런들 파워업 시켜놓고 후에 배트맨과 콜라보해서 빌런입장에서 본 범죄자에대해선 피도 눈물도없이 악마같이 강한 배트맨 영화도 나오면좋겠네요.,8
모가디슈,중간 중간 지루할때도 있지만 끝까지 재밌음. 구교환이 빛난다.,8
마인드스케이프,때로는 알면서도 속게 되는 일들이 있다.,7
모가디슈,소재도 좋았고 연출도 좋았습니다.,8
모가디슈,믿고 보는 감독이 되셨네요!!,10
미첼 가족과 기계 전쟁,주인공이 만든 필터들과 영상들이 다 웃겼고 감독이 전하는 매시지도 훌륭했습니다.,10
랑종,정말 재밌었습니다 태국여배우 연기잘하네요,10
더 수어사이드 스쿼드,인간 대 불가사리 대 마우스 마우스 WIN,7
랑종,나홍진 감독의 영화를 엄청 좋아하는데 연출을 다른 감독이 해서 그런지 그 맛이 없었지만 그래도 만족스러웠습니다,7
더 수어사이드 스쿼드,시간 돈 아까움 감동도 재미도 없음,2
모가디슈,씁쓸했음...그렇게 죽기살기로 열심히 탈출했는데결국 끝은 각자갈길...,10
더 수어사이드 스쿼드,시간많으면 보세요ㅋㅋ,1
김씨 표류기,재개봉 가자,10
블랙 위도우,내용약간 지루한데 말도안되는 스케일로 조져버림근데 좀 어이없긴함재미는 있음,8
고질라: 킹 오브 몬스터,울트라맨들도 등장시켜보지그랬냐 비추누르는 놈 m2디짐 ㅅㄱ,2
모가디슈,굳 완전 재밋앗습니당 최고여요,10
발신제한,와 진짜 오랜만에 집중해서 영화본듯,10
이스케이프 룸 2: 노 웨이 아웃,혼자 영화 보고 싶어서 영화관에서 즉석으로 고른 영화인데 오랜만에 제대로 된 영화 보고 나온 기분을 느꼈어요 완전 강추 아예 무슨 내용인지 전 시리즈는 무엇인지도 모르고 봤는데 스토리 이해하는데 큰 지장 없었고 배우들 연기나 연출도 좋아서 완전 상황에 몰입하면서 봤어요.다 보고 난 후에도 여운이 남아서 영화 관련 영상 계속 찾아보다가 느낀 점인데 만약 예고편이나 무슨 내용인지 알고 보았다면 지금과 같은 감동이 덜했을 것 같다는 생각이 들더군요.. 이런 류의 영화는 예고편이나 줄거리 안보고 봐야되요 아니면 뻔하다고 느낄 수도 있을 것 같아요어쨌든 저는 다행히 운이 좋았네요. 벌써부터 3편이 기다려집니다. 강력추천!,10
스파이럴,쏘우를 끝내기 싫어 억지로 끌고 가는..,7
보스 베이비 2,첨에 갑자기 가족이 생겨서 뇌절있음 ㅋㅋㄹ근데 마지막은 볼만함,7
블랙 위도우,와우~~~~폭염을 날려줄 시원시원한 액션~~,10
모가디슈,한국 영화 오랜만에 볼 만 했어요!,10
스타워즈: 에피소드 1 -  보이지 않는 위험,시네21 김도훈 이용철을 주깁시다,10
모가디슈,오랜만에 재밌게 본 영화였어요! ㅠㅠ,10
코드기아스: 부활의 를르슈,이거 본 걸 평생 죽을때까지 진심으로 후회한다.,2
모가디슈,연기에 압도당했어요감정이입너무되서,10
모가디슈,돈을 이렇게 조금만 내고 봐도 괜찮나 싶을 정도로 재밋엇음 몰입도 짱!,10
내 사랑,드라마 장르를 싫어해서 안보던중 시간떼우기용으로 봤다가 한순간도 눈 떼지 않고 보게 된 영화다.그들의 표정연기에 엄청 크게 웃다가 또한번 크게 울기도 했다.멋진말을 몰라 더이상 감상평을 못쓰겠다.. 그냥 참 좋다...,10
모가디슈,평점이 높아 기대를 많이 했습니다. 나쁘진 않고 괜찮았습니다. 살짝 지루해서 1시간 경과 후부터 1시간 40분까지는 시계를 좀 봤습니다. 괜찮은 영화인것 같습니다.,8
모가디슈,이게 뭐야보지마세요...정말 재미없음,2
기억의 밤,오 한국판 스릴러 볼만했어요.,10
모가디슈,명배우 + 영상미 + 스토리구성 진짜 완벽했다,10
모가디슈,요즘 나라가 왜이러는지북한을 미화된 영상으로 북한과 통일하려는 식의 목적을 가진 영화는 원치 않습니다우리와 다른 사상을 가진 민족과 통일을 부추기다니 쓰레기 영화,1
내겐 너무 소중한 너,보는내내 정말 별로라 생각했는데 마지막 10분에서 어쩔 수 없이 눈물이 흐르네요 함부로 영화를 평가하기가 참으로 애매한 뭔가를 강력히 남겨준 영화 최근 1년 사이에 본 한국 영화중 기억에 남는다.,7
인비저블맨,지루하고 엉성한 영화의 평점이 너무높네. 너무 지루함... 다이나익한 액션도 없고 전개도 좀 이상하고 결론은 도대체가... 그냥 킬링으로도 안볼거 같은 영화임. 평점 5로 보면맞음.,4
모가디슈,오랜만에 만족스러운 영화였습니다.꼭 보세요.스포일러될까 이만 대박 나길,10
보스 베이비 2,아이들이 보기에 너무 어렵고 너무 산만해요,8
모가디슈,기대안하고 갔는데 너무 재미있었음..ㅠ몰입이 너무 잘됐음..ㅠ,10
나만 보이니,연기나 연출이야 둘째 치고라도 편집이 너무 엉망임.. 살릴만한게 없어서 억지로 끼워맞춘다는 느낌이 강함 그나마 영식이가 영화를 살리나 했는데 그것도 한두번에 끝나버리고... 요즘 독립영화도 이정도는 아닌데...,2
어벤져스: 에이지 오브 울트론,상공에서 본  한국의 낮 전경은 온통 회색빛 도시...  왜그리 퇴색되고 폐허적인 회색빛으로 물들이는지.. 자동차 색깔들도 거의 죽은색이고.... 전쟁의 잔재와 여운이 아직도 남아있단 말인가...   영화는  지루한 감이 어벤져스 시리즈가 다 이러면 볼 자신이 없는데..,5
더 이퀄라이저,클로이 모레츠 때문에 봤는데. 분량이 ㅜㅜ영화가 주는 교훈 '기회를 줄때잘하자 ' ㅋ,7
더 수어사이드 스쿼드,올해 개봉작중에 가장 기억에 남는 영화에요잔인한 액션신인 것만 뺀다면 누구나 좋아할 가오갤같은 영화에요,10
더 플랫폼,간만에 신선하고 집중해서 본 영화입니다,10
블랙 위도우,평점이 9점대가 넘는다는게 이해가 안되네... 영화라기 보단 드라마에 가까운 스토리... 또 내용자체가.. 스칼렛과거의 스토리 전개 인건 알겠는데... 액션이 좋든가.. 스토리가 좋든가 해야 하는데.. 둘다 기대에 미치지 못했음...주관적차이에 따라... 평도 다르겟지만.. 심씨의 디워홍보 평점..은 이제 그만 해야 하지 않나..???!!,2
김씨 표류기,대체 이런 영화를 찍던 이해준 감독이 어째서 백두산을 찍게 되었는지.. 한국 영화계가 걱정됩니다,10
디센트,어처구니가 없어서  이런 완벽한 영화가 왜  평점이  7  이냐  나  영화  13일에  금요일  . 버닝  . 나이트메어  부터  극장가서  보단  사람이다 이것보다  더  완벽한  공포 스릴러물 있음   나와봐라,10
모가디슈,재밋어요만식공주짱!!조인성구교환잘생김,10
모가디슈,공포영화보다 이 영화가 더 무서웠어요,10
CCTV,이게 21년에 나온 영화가 맞냐평점 괜찮게 보여서 봤는데ㅋㅋ돈 아깝다 ㄹㅇ시간 낭비돈 낭비 하고 싶으신 분들에게 추천,1
모가디슈,2시간이  어떻게  가는지  모를정도로 너무  재밌었어요. 영화보는  내내  쫄깃함이  살아있고  역시  류승완감독이에요,10
모가디슈,코로나 때문에 정말 오랜만에 영화관 갓는데.. 후회없는 선택.... 깔끔 담백...,9
예스터데이,영화로만 보면 그냥 별거아닌 비틀즈 노래덕분,4
모가디슈,모처럼 재밌는 영화 잘 봤음..코로나가 아니면 천만 흥행 보장인데..아쉬움.,10
모가디슈,북한영화 진짜 선동 그만해,2
모가디슈,류승완감독이 한국판 첩보스타일에 맛이 들린듯하다 ㅎ 내용 나쁘지않았고 액션이야 류승완표 잘찍고 제법잘나온 영화한편. 소말리아 엑스트라랑 배우들은 어떻게 찍은건지 외국 단역들도 어색한사람 1도없고 가뭄같은 영화계에 볼만한 영화라고생각한다. 7점이지만 전체적 스케일 등 액션 연기 다 고려하면 8점까지 후하게줄수잇을즛,8
히트맨,무기는 살벌한데 정신 놓고 보면 나름 재밌더라,7
더 수어사이드 스쿼드,제임스 건 난 당신을 제임스 카메론만큼 좋아할거 같애.,10
모가디슈,인상깊은 장면은 소말리아애기들이 총들고잇는거…ㅠ 사람죽이는거에 걍 장난으로 임하는거….. 북한쪽애기랑 소말리아애기들이랑 대비되는 장면..그리고 한국대사관을 반정부군이 습격하려할때 우리대사관이 라디오로 크게 우리는소말리아의발전을위해어쩌고 틀지만 반란군은 정부군에게 총맞고있던 거요ㅠ전쟁은 정말 슬프고 참혹하다는 걸 알게됐고 배우님들 연기가 다들 좋네요 잘봤어요,10
모가디슈,뭔데.... 간만에 볼만한 영화나온듯..아무생각없이 영화관 갔다가 뜻밖의 횡재함,10
어른들은 몰라요,와씨...하니닮았다고 생각했는데 하니였어ㅠㅠ 소름소름!!  박화영에서 세진이는 어떻게 된건지 계속 마음에 남았는데...그나마 인간적인 사람들 만났구나 싶어 안도했다ㅠㅠ...,7
크루엘라,엠마스톤 흑백 넘멋져요 꼭보세요 강추영화,10
모가디슈,마지막 쓸쓸함에 여운이 크다 코로나 시국아니였음 대박일텐데 아쉽다 ㅜㅜ,10
모가디슈,코로나이후 처음 영화관 다녀온 보람이 있었습니다.  영화 정말 잘 만들었네요^^,10
모가디슈,정만식 배우님때메 봤는데 넘 재밌네요2차각,10
어웨이,아름다운 영상미를 받쳐주는 웅장한 사운드.,9
모가디슈,정만식 배우님으로 알게되어서 봤는데 재밌어요!,10
곤지암,무서운걸 잘보는데도 살짝무섭긴한데 샤워실에서 남자와여자가 탕에 머리카락같은게 있었는데 으악  머리카락이다! 인가 대가리다! 꺄아아악 할때 좀 웃기더라구욬ㅋㅋㅋ 너무 잘봤어요~^^,9
내 머리 속의 지우개,매번 볼때마다 오열하게 하는영화,10
모가디슈,오랜만에보는 한국영화 수작!!!,9
죠스,어릴 때 보고 상어 트라우마 걸림.,6
모가디슈,코로나 사태이후 영화관에서 본영화중 유일하게 돈이 아깝지 않았다,10
크롤,재난이 일어나면 무조건 대피하라.,4
더 수어사이드 스쿼드,영상미와 화려한 배우진은 좋으나 역대급 노잼.이해되지 않는 미국식 유머와 드립. 지루한 스토리.더 이상 히어로 영화가 신선하지 않아서 그런지..정신도 없고 역대급 노잼.,1
모가디슈,끝까지 심장 떨면서 봤음,10
구타유발자들,구타유발자는 없다. 구타의 핑계만 있을 뿐,7
비와 당신의 이야기,고구마같음 답답하고 20대 시절을 다 저렇게 기다린다? 말도안됌,2
더 수어사이드 스쿼드,영화가 너무 산만하고 스토리 진행이 너무 딱딱 끊켜서 진행되는 느낌이에요 정말 재미 없게 봤습니다,2
블랙핑크 더 무비,블랙핑크 당신들은 최고의 가수입니다,10
더 수어사이드 스쿼드,전편과 비교해서도 떨어지고 최악의 블랙위도우랑 비슷할듯...캐릭터 각각이 이렇게 매력이 떨어질줄...실망,3
모가디슈,남북의 관계를 덤덤하게 그려낸 영화저런 상황에서 서로 오해없이 의사소통할 수 있는 유일한 이웃나라라는 사실을 알게 해 주는 영화역시... 밥의 민족!,10
더 수어사이드 스쿼드,DC영화중 조커 다음으로 역대급이다 쿠키 영상2개있고 캐릭들 전부 매력있다 2년만에 극장에서 본영화중 제일 잼있엇고 할리퀸 액션신이랑 진짜 미친년 연기가 뭔지 지대로 보여줬다,10
미나리,잔잔한 감동이 있어서 좋았어요.,10
클레멘타인,나만 죽을수는 없지 ㅋㅋㅋ,10
정글 크루즈,어릴적 보던 인디애나존스 느낌나고 좋아.  칼뽑으면 신부야,9
모가디슈,꼭 봐야하는 영화!!! 지루할 틈없이 시간이 금방 지나가네욤~~ !!!,10
모가디슈,오랜만에 재밌는 한국영화가 나왔네요,10
돌멩이,우리가 남을 보는 시선에는 선입견이라는 것은 없을까?,7
더 수어사이드 스쿼드,별 기대하지 않았는데 의외로 괜찮은 작품. 어디서 본듯한 장면이 중첩되지만 이만하면 훌륭함!,10
모가디슈,개인적으로 김윤석 배우님 이런 배역 연기가 좋았습니다.카리스마 있고 너무 무거운 역할은 너무 무서워서 이런 이미지의 배역을 많이 해주셨으면 좋겠습니다.그리고 조인성 배우님 너무 좋았어요 ㅋㅋㅋ 손올릴때마다 ㅋㅋ 마지막으로 허준호 배우님 제 원픽 배우님인데 드라마 영화 많은곳에서 작품하셨으면 좋겠습니다.그 외 모든 배우님들 연기가 기깔나고요 모가디슈 흥하기를 기원합니다~~,10
블랙 위도우,스칼렛 요한슨이 다함,10
모가디슈,정말 재밌었던 영화 한국영화 끝부분 다이상하게 끝나는데 다된밥에 재뿌리기 처럼 이영화는 끝까지 괜찮았습니다,10
명탐정 코난: 진홍의 수학여행,제가 신란커플을 진짜 좋아하는데 알콩달콩한 모습이 너무 좋네요ㅠㅠ스토리의 내용도 정말 재밌고 설레요!!,10
콜,영화 아줄 잘뽑았고요 연기는 타고나는거네요!,8
모가디슈,조인성 연기 진짜 굿 굿 굿 굿,10
더 배드 배치,B급 영화인데 잘만든 B급은 아니라서 호불호가 갈림. 심오한 메세지를 전달하고 싶었으나 자극적인 요소들을 너무 과하게 담으려다 실패했음. 예쁜 반바지들이 기억에 남음. 수박 반바지랑 스마일리 반바지 갖고싶다.,6
모가디슈,역시 믿고보는 감독 배우님들…,10
모가디슈,오랜만에 만나는 한국영화의 수작.김윤석 허준호의 연기력이 전반적인 영화의 흐름을 이끌어감에 따라 조인성의 약간은 어색한 연기가 적절히 뭍혀갈 수 있음.조인성이 외모로 승부수를 띄우지 않고 베테랑들 사이에서 나름 감초역할 잘 한것 같음.마지막 장면은 감동도 주면서 현재의 상황을 비추어 여러가지를 곱씹어보게 하는 부분임.,9
모가디슈,심플하지만 지루하지않은 스토리라인 흥미진진한 연출 배우들의 일품연기까지 완성도 높은 영화. 아주 재밌게 봤습니다.,10
미드소마,색감은 좋음. 이케아같아 고어물 까지는 아니고 걍 미친영화임,8
명탐정 코난: 비색의 탄환,역시 코난은 믿고보는거다 아들이랑 봤는데 너무 재밌어했다,10
모가디슈,믿고보는  류승완감독 이라서4DX로 봤는데요..넘 실망이었어요..코로나에도 일부러 보러 갔는뎅...도대체 임팩도 없고...실화라는거...아아..그런일이  있었구나..그정도..끝..,2
더 수어사이드 스쿼드,이게 진짜 ‘수어사이드 스쿼드’지.,9
모탈: 레전드 오브 토르,그래서 뭐? 열린 결말? 아 속터져 ㅡ_ㅡ,2
악인전,마동석나오는 영화는 뭔가 비슷한거같으면서도 항상 평타 이상으로 재밌는듯ㅋㅋ스토리도 뻔한듯 뻔하지 않으면서 괜찮은 결말이었다! 근데 무차별적으로 사람 죽이는 살인마는 영화지만 너무 소름돋고 무섭ㅠㅠ,10
모가디슈,이거 누가 재밌다고 한거냐...바이럴쩌네,4
모가디슈,연출이 다 했다. 허준호 아직 솨라있네,8
모가디슈,정만식 배우님 덕에 좋은 영화 봤습니다!! 실화여서 내용을 다 알고 봤는데도 긴장감 있게 봤어요!,10
제8일의 밤,저는 재미있게봤는대 영화가 나쁘지않아요 평점 1점분들 이해가 안되네욤?,8
불신지옥,이용주 감독 영화 중 최고임.ㅠㅠ  가장 섬뜩했던 2000년대 공포영화,10
극장판 귀멸의 칼날: 무한열차편,애니메이션 역대 최고인듯 합니다,10
블랙 위도우,진짜 재밌어요!!!! 그게 연출도 좋구여 캐릭터들간의 케미도 좋아요 나타샤와 엘레나가 개인적으로 엄청 좋았어요,10
모가디슈,오랜만에 신선하고 재밌는 영상 봐서 좋았습니다배우님들 연기도 잘하고 내용도 재밌어서 눈물 살짝 흘렸네요 영화 너무 재밌어서 다음에 또 보고싶어요!,10
리플리,난 왜 나고 넌 왜 넌가.,8
루카,동상 포스터까지 만들 정도로 바다괴물에 적대감 품고 있던 사람들이 갑자기 너무 쉽게 받아줘서 중간에 몰입도가 떨어졌지만 영화가 처음부터 끝까지 너무 귀여웠고 (애니 중에는 지나치게 자극적이다 못해 역겹게 느껴지는 순간도 간혹 있는데 이건 X. 진짜 귀여웠음.) 또 해피엔딩이라 걍 좋았음,8
보스 베이비 2,귀엽고 사랑스럽고 감동적,10
비열한 거리,조인성 연기력 대단하고 스토리 구성 좋음. 조폭 다룬 영화중에 가장 탄탄한 영화가 아닌가 싶다.,10
극장판 도라에몽: 진구의 신공룡,도라에몽 시리즈중 최고 작품이네요.피스케 나왔을때 진짜 감동이었어요,10
모가디슈,와… 진짜 여러가지로 멋지다.. 군함도의 반성문같아~~너무잼있어요~~~!!!,10
더 수어사이드 스쿼드,더 수어사이드 스쿼드,8
우디 앨런: 우리가 몰랐던 이야기,우디 앨런의 영화를 좋아한다면,8
정글 크루즈,가족영화로 굿 역시 디즈니는 평타이상.. 8점 중반 되야 적절.,10
비와 당신의 이야기,어쩌면 사실 강소라가 주연인거 아닐까 싶었던 영화... 드문드문 루즈하고 집중이 안되는 영화였지만 말미에 뭔지모를 감정이 솟아났다. 내가 솔직해진다면 상대방에게는 부담일 뿐일지 모르지만 작중 강소라처럼 내 감정에 솔직해질 수 있었으면 하는 생각이 든다.,6
더 그레이트 샤크,나의 황금 같은 주말 망친 영화.. 조금있음 재밌겠지.. 하고 위안 하다가 끝까지.. 흐미,2
그린 나이트,명예 기사를 위해 나아가는 가웨인! 분위기가 주는 압도적 경험이 대체로 몽환적인 영화,10
모가디슈,내가 원하는 결말은 아니라서 좀 아쉬웠지만 킬링타임용으로 볼만하다. 엔딩신은 너무 현실적으로 다가와서 씁쓸했다.,8
시동,진짜 갠적으론 재밌게 봤었음 왜 개봉당시 평점이 박살났는지는 의문...,9
더 수어사이드 스쿼드,호불호 조금 갈릴수는 있겠다만 명백히 이런 류 영화 중에서는 최고봉임. 규제 많이 들어간 감독 전작인 가오갤보다도 나았음,10
모가디슈,차량 탈출신이 필요이상으로 너무 길고 지루 했으며 한국영화 특유의 유치하고 저급한 고증에 실소를 금할수가 없었다.(기관총으로 난사하는 총알을 수만발 맞고도 모두 멀쩡하다거나 공관 앞마당에 수교도 하지 않은 국가 정보원 주검을 묻어주고 갑자기 나타난 신부와 수녀들이 장례까지 치뤄주다니! ),4
호스트: 접속금지,고전 공포를 좋으한다면 비 추천. 짧고 굵게 공포를 표현했지만 그냥 그냥..,2
모가디슈,아 진짜 서기관만 아니면 무사하게 갈수 있었을텐데…바보아녀?!?,10
자산어보,모든 것이 좋아 2번 보았어요~,10
블러드샷,뻔할거 같지만 뻔하지 않은 스토리 남자들의 영화,10
더 수어사이드 스쿼드,유쾌 상쾌 통쾌한 영화 였습니다.,10
더 수어사이드 스쿼드,진짜 맥락없고 감동도 없는...차라리 모가디슈를 보세요..,2
1번가의 기적,1시간까지 토마토 상자 들 때까지는 재밌었다. 토마토 상자 들 때 배꼽 빠지게 웃고.그후 나머지 토마토를 던지는 순간부터 쭉 끝까지 신파로 간다 하아,6
모가디슈,만식씨 덕에 재밌게봤습니다,1
블랙 위도우,배우들의 연기나 스토리 둘다 모두 재미있어요!!!,8
아이 엠 러브,사랑에 눈뜨고 사랑에 눈멀고,8
특별한 나의 연인,예술적인 접근이 인상적이었고 영화 중간 중간에 나오는 OST들이 한 몫 했다고 생각합니다. 역시나 셍게도르즈 감독의 특별한 연출력은 돋보였고 여주인공의  캐스팅이 진짜 잘 됐다고 개인적으로 생각합니다.,7
더 수어사이드 스쿼드,킬링타임용 영화. 상어 귀여움. 마이클 루커는 미국판 김갑수?!,8
클로버필드 10번지,ㅎ 외계침공 영화였다는게 놀랍고 여주가 정부도 군인도 못 죽이는 외계인과 외계선을 괴물영화 기법으로 화염병 하나로 날려버렸다는게 더 놀랍고 이게 시리즈물이라는게 어메이징 하다!,6
모가디슈,개인적으로 볼만은 한데…이게 참 지금 정치성향문제인지결론이 또 남북한 분단 슬픔.. 음..베테랑이나 부당거래같은 짜릿함을 생각했는데그렇지는 않네요,7
러브 앤 몬스터스,빨간드레스 입고 여친정도의 실력이면 할리퀸하면 되겠네,1
콰이어트 플레이스 2,암유발 딸에 저런시국에도 짝짖기를 하려는 주인공들에게 박수를,4
죠스, EBS 시청하고 계신 분,10
모가디슈,와... 생각도 못했다. 류승완이라 두들겨 패는 영화인줄 알았는데 내가 두들겨맞은 기분. 여운이..,10
모가디슈,오랜만에  즐겁게  본 영화 입니다,10
해적: 바다로 간 산적,예진스페로우는 참 예쁜데 영화가 진짜 너무 아쉽다. 2프로 넘게 나사가 빠진 영화,5
모가디슈,재미는없었으나   실제라는 사실에  염두에  평을 합니다    총소리에  후반에   귀가너무아파  귀막고  상영했어요 ㅎ  책으로   차를가리고  추격전  너무억지였어요 ㅎ   북한과  남한의 우정에  맘아팠어요   모른체하고  아이들 눈가리고  서로의갈길갈때?,6
더 수어사이드 스쿼드,비위약한사람은 절대 보지마세요쓸데없이 잔인하고 디테일하면서 그 부분은 보여주고 싶어 웅장하고 신나는 노래에 버무려 재미를 쥐어짜내고 싶은 영화,1
랑종,저는 재밌게 봤습니다. 불필요한 잔인한 장면들이 있었지만 여자주인공 연기가 대박..,10
모가디슈,왜이렇게 재밌어요ㅠㅠㅠ 감동도 있고 재미도 있고 또 보고 싶어요,10
크루엘라,기대 안하고 봤는데 너무 재밌었다 특히 드레스 하나가 엄청 충격적이였음..,10
베리드,마지막 엔딩은 많은 생각을 가지게 한다.영화를 보고 충격을 받았다. 그 충격은 머리가 멍해진다거나 정신이 텅 비어지는 그런 충격이 아니라 숨이 미어지고 가슴이 답답해지는 기분나쁜 충격이였다. 내 인생에서 제일 충격받은 영화 3위 안에 든다.,9
콴타: 외계와의 조우,뭐야 이 스토리는...그나마 배우들의 연기가 돋보여서 별 2개. 엔딩스토리는 이거 진짜 너무하네 그냥 아무 내용이 없음.,4
더 그레이트 샤크,오우마이갓 재미가 1도없어요.... ;;,2
모가디슈,7~8점 점수가 진실이 아니다.,4
모가디슈,오랜만에 한국영화 재밌게 본듯 ㅋ 추천함,10
타인의 취향,개인적으로는 밋밋하고 지루하게 느껴지는 영화였다. 취향이라는 주제를 너무 얄팍하고 단순하게 접근한 건 아닌지. 영화를 본 뒤 깊이있게 생각할만한 부분이나 여운이 없었던 것 같다. 또한 유부남인 주인공이 영어선생에게 호감을 드러내며 고백까지 하는 것이 잘 납득되지 않았고 웨이트리스가 운전수와 보디가드를 번갈아가며 관계를 맺는데 이 부분에 대한 부분도 마찬가지였다.,5
모가디슈,오랜만에 좋은 영화 봤어요,10
모가디슈,김윤석 조인성 영화는 믿고 본다,10
모가디슈,어디 살던 사람은 다 똑같다는 생각을 하게 만든 영화!,10
파울볼,그립습니다 김성근감독님,10
여고괴담,영화가 얘기하고자 하는 것들이 20년도 더 지난 지금은 과연 어떨까? 를 다시금 생각만(!)하게 해주는…몇번이고 봐도 명작입니다.,10
사랑은 부엉부엉,와아아알칵 그립읍니다,10
모가디슈,정말 진짜  꼭 보세요,10
모가디슈,재미있음 실화라니..,10
그린 나이트,너무 너무 멋져요!  이 말밖에! !,10
라이언,실화를 바탕으로 만든 영화라서 더 재미있네요,10
러브 어페어,"지금은  작고하신 이탈리아의 천재적 감성 ""엔니오 모리꼬네""의 피아노 솔로 OST가 아직도 귓전에 맴도는 당시 씨네하우스에서 봤는데 벌써 시간은 유성과 같이 지나버렸군요 ㅠㅜ 빗소리가 함께하는 밤이나 첫눈오는 날 잠못이루는 여름밤에 항상 생각나는 영화가 아니라 명화입니다 .",10
랑종,개무셥다  보는내내 불쾌함과 찝찝함 후반부에 휘몰아치는 공포,10
현기증,故김영애 배우님의 연기가 매우 돋보인 작품이다.영화 자체가 흡입력이 있으며 인간의 내면 묘사를 너무 잘한 작품이라고 생각한다. 비극의 끝판왕이라 영화가 나온지 몇년이 지난 지금 봐도 좀 충격이었다.  에너지가 있을 때 보는 것을 추천하고 영화를 보고난 후 영화의 제목인 '현기증' 과 함께 내용을 다시 되뇌어 보는 것을 추천한다.,8
모가디슈,영화 정말 잘 만들었습니다.영화 보는 내내 흥미진진하고… 영화 진짜 잘 만들었다는 생각만 했습니다.  연출 대박…,10
더 수어사이드 스쿼드,수어사이드 수쿼드 1편보다는 재밌습니다,6
더 수어사이드 스쿼드,제임스 건이 후속작 맡으면 꼭 본다. 전작을 떠올리면 명백하게 감독의 문제였다.,7
모가디슈,최근 본 영화중에 제일 재밌었습니다!지루하지도 않고 배우분들이 연기를 잘하셔서 몰입도 있게 봤습니다:),10
알 포인트,넘 무서운 영화..예요,10
모가디슈,일요일 낮에하는 서프라이즈 영화판을 본 느낌...그어떤 울림도 재미도 감동도 없었다 별5개가적당 벨런스위해1점줌,2
알 포인트,10번넘게 본거 같은데 볼때마다 새롭네 참...지루함 없이 잘 만들었음 이런게 명작이지,10
초콜릿,아직 못 보셨나요? 추천합니다. 넷플릭스에 있어요.,10
모가디슈, 유쾌하구 다들 연기 넘 잘하셔서 안껄끄럽고 10점 드립니다 ! 그리고 조인성님을 볼때마다 기분이 좋고 행복하고 구교환 배우님도 잘생겼다!!! 작품 자주 찍어주세요,10
모가디슈,김재화님 멋있어요 정만식님도,10
모가디슈,후회없는 선택하게 해줘 감사합니다. ^^,10
모가디슈,진짜  돈값 ㅇㅈ    매우 재밌음,10
모가디슈,두 시간 후딱돈이 하나도 안 아깝다넘나 재밌음또 봐도 재밌을 듯,10
모가디슈,너무 깔끔한 순대국 같달까소말리아 설정을 살린 건 역대급인데.한 수 위에 있는듯 담백한 여운인데.,7
모가디슈,오랜만에보는 꿀잼영화,10
더 그레이트 샤크,나만 킹샤크 생각나냐 ㄹㅇㅋㅋ 여러분 이걸 볼빠에는 사람먹는 상어나오는 더 수어사이드 쉬쿼드 보시는게 훨씬 이득 입니다.,4
조난자들,생각보다 완성도 있고 쫄깃하게 봤어요~~!!,8
히트,나는 로버트 드니로가 싫다. 나의 영화 관람 경력이 짧을 수도 있겠지만 대부분의 영화에서 범죄자로 등장한다. 그리고 이러한 배우를 등장시켜서 범죄자를 미화하는 영화도 싫다.  한편 그런 의미에서 나는 삶의 대부분을 쓰며 미친 범죄자들을 끝까지 쫒는 알파치노가 정말 존경스러웠다. 그랬기에 범죄자를 마지막에 죽여버리는 장면이 가장 통쾌했다.,8
발신제한,시작하자마자  어떤내용 일지 뻔하긴 하지만 재밌었음,8
모가디슈,킬링타임으로 굿,8
드레스드 투 킬,일부는 <싸이코>가 없었다면 더 돋보였을 거라 하지만 내가 보기엔 <싸이코>가 없었다면 나오지도 못했을 영화,5
더 수어사이드 스쿼드,소란스러운 영화   개인적으로  봐도 그만  안봐도  그만    젊은 분들이 보기 좋을지  모르나 나이 좀 먹으면 보기 힘든영화  스토리 없음  감동 없음  재미  글쎄,4
모가디슈,보고싶엇던 영화였는데 재밋엇습니다,10
모가디슈,진짜 스토리 탄탄하고 연기는 물론 모든게 완벽한 영화였던거같아요 기대 1도 안했는데 진짜 너무 재밌게 본 영화였습니다..,10
모가디슈,저는 남편 아들과 봤는데 너무 재밌게 봤어요~영화관가서 보시기를 강추 드려요~,10
모가디슈,연기 연출 뭐하나 아쉬운게 없네요 비평을 위한 비평가말고  저같은 일반인들에겐 아주 재밌는 영화였어요,10
모가디슈,내가 검색할땐 영화보기전에 9.22였는디 몇일지나고 8.77?? 내가본후기7.6점나와야한다…,6
모가디슈,정만식 배우님 보려고 봤는데 꿀잼,10
브이아이피,반미감정 조장을 목적으로 하는 너무 뻔한 영화,1
크루엘라,라라랜드를 5번이나 본 애청자로서 엠마 스톤의 연기가 미아와 너무 대비되어 보일까봐 걱정했는데 초반에만 잠깐 멈칫하고 이후엔 완전 크루엘라에 몰두해서 봤습니다 역시 명배우는 다르네요.. 호불호가 갈린다고 들었는데 저는 무조건 극호이고 약간 광기의 영화 분위기가 너무 좋아서 이거 보고 집 가서 조커도 봤습니다 엠마스톤은 미쳤어요,10
더 수어사이드 스쿼드,유치함과 재밌음은 한끗 차이인데 유치함에 조금 더 가까웠음.,7
모가디슈,오랜만에 정말 여운이 남는 영화였어요!!,10
모가디슈,현장감도 너무 좋았고 배우들의 합과 연기도 훌륭해요~~♡,10
모가디슈,최고였습니다 배우들 연출 고증까지,10
새콤달콤,2시간 동안 너무 재밌게 봤습니다 채수빈 배우님 러블리 하네용 다른 것보다 이경영 배우님 등장이 신의 한수 였다고 봅니다 분명 불륜인 상황을 불륜처럼 안보이게 할려는 감독님 의도가 있었다는데 정말 딱 맞아떨어진 듯해요!! 재미있게 봤습니다!!,9
파라노만,연출과 스토리는 좋았습니다.,10
돌멩이,이걸 보면서 석구가 불쌍하고 ㅠㅠ 너무 슬펐어요.. 석구를 믿어주지 않는 지인들이 너무 답답하고 슬펐어요ㅠㅠ,10
더 수어사이드 스쿼드,열심히 만들려고는 했지만 정신사납고 마지막빼고 지루함..,6
모아나,노래도 정말 좋은데 왜 스토리만 좋다고 되어 있지?,10
"광해, 왕이 된 남자",역사를 알고보니 .. 더 웅장해지네요,10
블랙 위도우,지금까지의 때려부수는 마블 영화를 기대하셨다면아마 실망하실 듯 합니다.블랙위도우의 어린 시절 이야기 약간과블랙위도우의 사후에 그 뒤를 이어 2대 블랙위도우가 될 사람에 대한 설명을 좀 광범위하게 풀어낸 것 같습니다.블랙위도우 인간극장편 이라고 생각하시면 편하실 듯 합니다.,6
모가디슈,너무 재미있게봤어요. 배우들 연기력은 말할것도 없고 실화바탕으로 연출도 좋았어요~,9
에이리언 2,여태까지 봤던 sf작품들중에 탑클레스임미래의 무기와 메카닉의 연출력이 뛰어나며35년전의 영화라고는 믿기지않을정도이다.과히 에이리언시리즈중 최고라 칭하고싶다.지금까지 100번은 더본듯하다.앞으로도 그 이상은 보게될듯.,10
모가디슈,생각보다 엄청 재미있음,10
